ticker,close,volume,value_traded,change_%,hhi_score,foreign_ratio,quant_score,tarih,high,low,prev_quant_score,score_diff,rvol
SARAE,91.35,78254087.0,7148510847.45,9.99,2894.4,45.27,60.16,2026-08-23,,,,0.0,
BIGTK,349.5,469845.0,164210827.5,9.99,2892.2,45.24,60.08,2026-08-23,,,,0.0,
TMPOL,627.5,597845.0,375147737.5,9.99,2890.0,45.2,60.0,2026-08-23,,,,0.0,
PSDTC,156.5,621946.0,97334549.0,9.98,2887.8,45.16,59.92,2026-08-23,,,,0.0,
KLYPV,65.2,3034477.0,197847900.4,9.95,2885.6,45.13,59.84,2026-08-23,,,,0.0,
HATSN,63.0,13721042.0,864425646.0,9.95,2883.4,45.09,59.76,2026-08-23,,,,0.0,
CITAS,107.8,2621319.0,282578188.2,9.94,2881.2,45.06,59.68,2026-08-23,,,,0.0,
BRLSM,17.36,10066232.0,174749787.51999998,9.94,2879.0,45.02,59.6,2026-08-23,,,,0.0,
BJKAS,2.94,1230072920.0,3616414384.8,9.7,2876.8,44.98,59.52,2026-08-23,,,,0.0,
NETAS,99.15,5941574.0,589107062.1,9.14,2874.6,44.95,59.44,2026-08-23,,,,0.0,
TRMET,143.3,10794510.0,1546853283.0000002,8.15,2872.4,44.91,59.36,2026-08-23,,,,0.0,
MAKIM,17.44,6565044.0,114494367.36,7.92,2870.2,44.88,59.28,2026-08-23,,,,0.0,
BERA,14.3,21960454.0,314034492.2,7.76,2868.0,44.84,59.2,2026-08-23,,,,0.0,
BETAE,106.7,26797280.0,2859269776.0,7.56,2865.8,44.8,59.12,2026-08-23,,,,0.0,
KAYSE,4.15,50448522.0,209361366.3,7.51,2863.6,44.77,59.04,2026-08-23,,,,0.0,
HUNER,4.02,98862509.0,397427286.18,7.2,2861.4,44.73,58.96,2026-08-23,,,,0.0,
SEGMN,58.3,1917720.0,111803076.0,7.17,2859.2,44.7,58.88,2026-08-23,,,,0.0,
KRDMA,53.5,10217665.0,546645077.5,7.0,2857.0,44.66,58.8,2026-08-23,,,,0.0,
GSDDE,14.61,12014425.0,175530749.25,6.95,2854.8,44.62,58.72,2026-08-23,,,,0.0,
ALBTN,32.0,35364299.0,1131657568.0,6.38,2852.6,44.59,58.64,2026-08-23,,,,0.0,
AKFYE,24.2,15733619.0,380753579.8,6.33,2850.4,44.55,58.56,2026-08-23,,,,0.0,
TRALT,54.55,135114171.0,7370478028.049999,6.03,2848.2,44.52,58.48,2026-08-23,,,,0.0,
GIPTA,85.4,7781810.0,664566574.0,5.63,2846.0,44.48,58.4,2026-08-23,,,,0.0,
ISVEA,77.0,5168971.0,398010767.0,5.48,2843.8,44.44,58.32,2026-08-23,,,,0.0,
GLRMK,181.0,8656226.0,1566776906.0,5.48,2841.6,44.41,58.24,2026-08-23,,,,0.0,
TGSAS,223.5,1046436.0,233878446.0,4.88,2839.4,44.37,58.16,2026-08-23,,,,0.0,
INVES,830.0,137145.0,113830350.0,4.73,2837.2,44.34,58.08,2026-08-23,,,,0.0,
INFO,6.98,48841428.0,340913167.44,4.65,2835.0,44.3,58.0,2026-08-23,,,,0.0,
KORDS,92.65,2766388.0,256305848.2,4.57,2832.8,44.26,57.92,2026-08-23,,,,0.0,
TRHOL,2560.0,98541.0,252264960.0,4.49,2830.6,44.23,57.84,2026-08-23,,,,0.0,
ARSAN,3.88,76131354.0,295389653.52,4.3,2828.4,44.19,57.76,2026-08-23,,,,0.0,
TRENJ,107.8,4233728.0,456395878.4,4.26,2826.2,44.16,57.68,2026-08-23,,,,0.0,
DOFRB,134.9,5186925.0,699716182.5,4.17,2824.0,44.12,57.6,2026-08-23,,,,0.0,
KMPUR,21.54,5349295.0,115223814.3,4.06,2821.8,44.08,57.52,2026-08-23,,,,0.0,
MARMR,2.57,111357662.0,286189191.34,4.05,2819.6,44.05,57.44,2026-08-23,,,,0.0,
ENDAE,18.84,11837835.0,223024811.4,4.03,2817.4,44.01,57.36,2026-08-23,,,,0.0,
ISKPL,8.52,63911468.0,544525707.36,3.9,2815.2,43.98,57.28,2026-08-23,,,,0.0,
IZMDC,13.39,13535667.0,181242581.13,3.8,2813.0,43.94,57.2,2026-08-23,,,,0.0,
TOASO,281.25,5784006.0,1626751687.5,3.78,2810.8,43.9,57.12,2026-08-23,,,,0.0,
BLUME,42.6,3150243.0,134200351.8,3.7,2808.6,43.87,57.04,2026-08-23,,,,0.0,
EGEGY,31.6,5553109.0,175478244.4,3.67,2806.4,43.83,56.96,2026-08-23,,,,0.0,
DAPGM,8.87,153393933.0,1360604185.7099998,3.62,2804.2,43.8,56.88,2026-08-23,,,,0.0,
KGYO,12.9,28527052.0,367998970.8,3.61,2802.0,43.76,56.8,2026-08-23,,,,0.0,
CEMZY,16.98,293470780.0,4983133844.400001,3.54,2799.8,43.72,56.72,2026-08-23,,,,0.0,
EKIM,19.0,28727248.0,545817712.0,3.43,2797.6,43.69,56.64,2026-08-23,,,,0.0,
EFOR,19.9,73983029.0,1472262277.1,3.38,2795.4,43.65,56.56,2026-08-23,,,,0.0,
KLSER,25.3,7011893.0,177400892.9,3.27,2793.2,43.62,56.48,2026-08-23,,,,0.0,
CATES,62.0,8102171.0,502334602.0,3.25,2791.0,43.58,56.4,2026-08-23,,,,0.0,
CRFSA,289.75,9010439.0,2610774700.25,3.21,2788.8,43.54,56.32,2026-08-23,,,,0.0,
ALTNY,19.21,75475500.0,1449884355.0,3.11,2786.6,43.51,56.24,2026-08-23,,,,0.0,
BLCYT,20.88,10046110.0,209762776.8,3.06,2784.4,43.47,56.16,2026-08-23,,,,0.0,
TRGYO,95.5,2548267.0,243359498.5,2.96,2782.2,43.44,56.08,2026-08-23,,,,0.0,
KOPOL,5.98,18927246.0,113184931.08,2.93,2780.0,43.4,56.0,2026-08-23,,,,0.0,
TUPRS,406.75,25718838.0,10461137356.5,2.91,2777.8,43.36,55.92,2026-08-23,,,,0.0,
ARDYZ,96.0,4550680.0,436865280.0,2.89,2775.6,43.33,55.84,2026-08-23,,,,0.0,
MTRKS,36.0,2910828.0,104789808.0,2.86,2773.4,43.29,55.76,2026-08-23,,,,0.0,
GUBRF,475.75,7294124.0,3470179493.0,2.81,2771.2,43.26,55.68,2026-08-23,,,,0.0,
ALVES,1.89,170279545.0,321828340.05,2.72,2769.0,43.22,55.6,2026-08-23,,,,0.0,
ASTOR,335.75,31271406.0,10499374564.5,2.6,2766.8,43.18,55.52,2026-08-23,,,,0.0,
FZLGY,10.3,32636348.0,336154384.40000004,2.59,2764.6,43.15,55.44,2026-08-23,,,,0.0,
HKTM,14.75,33120603.0,488528894.25,2.5,2762.4,43.11,55.36,2026-08-23,,,,0.0,
SAHOL,92.4,42580992.0,3934483660.8,2.5,2760.2,43.08,55.28,2026-08-23,,,,0.0,
ALTIN,77.2,22729646.0,1754728671.2,2.44,2758.0,43.04,55.2,2026-08-23,,,,0.0,
KTLEV,63.5,150879152.0,9580826152.0,2.42,2755.8,43.0,55.12,2026-08-23,,,,0.0,
OBAMS,5.15,27824119.0,143294212.85000002,2.39,2753.6,42.97,55.04,2026-08-23,,,,0.0,
DSTKF,2150.0,504535.0,1084750250.0,2.38,2751.4,42.93,54.96,2026-08-23,,,,0.0,
KLKIM,28.54,4180622.0,119314951.88,2.37,2749.2,42.9,54.88,2026-08-23,,,,0.0,
SOKM,59.0,5898189.0,347993151.0,2.34,2747.0,42.86,54.8,2026-08-23,,,,0.0,
CCOLA,83.2,5267008.0,438215065.6,2.34,2744.8,42.82,54.72,2026-08-23,,,,0.0,
LILAK,29.78,3315601.0,98738597.78,2.34,2742.6,42.79,54.64,2026-08-23,,,,0.0,
SASA,2.32,3190290000.0,7401472799.999999,2.2,2740.4,42.75,54.56,2026-08-23,,,,0.0,
RAYSG,165.4,660118.0,109183517.2,2.16,2738.2,42.72,54.48,2026-08-23,,,,0.0,
SKTAS,3.31,30943251.0,102422160.81,2.16,2736.0,42.68,54.4,2026-08-23,,,,0.0,
AYGAZ,337.0,1282713.0,432274281.0,2.12,2733.8,42.64,54.32,2026-08-23,,,,0.0,
KCHOL,222.4,28405521.0,6317387870.400001,2.02,2731.6,42.61,54.24,2026-08-23,,,,0.0,
GOLDA,13.03,70023634.0,912407951.02,1.96,2729.4,42.57,54.16,2026-08-23,,,,0.0,
MGROS,573.0,3788990.0,2171091270.0,1.87,2727.2,42.54,54.08,2026-08-23,,,,0.0,
VAKBN,30.6,34222756.0,1047216333.6,1.86,2725.0,42.5,54.0,2026-08-23,,,,0.0,
TTKOM,54.85,37402177.0,2051509408.45,1.86,2722.8,42.46,53.92,2026-08-23,,,,0.0,
GWIND,23.42,4834525.0,113224575.5,1.83,2720.6,42.43,53.84,2026-08-23,,,,0.0,
GUNDG,1940.0,759420.0,1473274800.0,1.78,2718.4,42.39,53.76,2026-08-23,,,,0.0,
SDTTR,263.0,954362.0,250997206.0,1.74,2716.2,42.36,53.68,2026-08-23,,,,0.0,
AAGYO,13.11,13605870.0,178372955.7,1.71,2714.0,42.32,53.6,2026-08-23,,,,0.0,
DOHOL,21.6,14430257.0,311693551.20000005,1.69,2711.8,42.28,53.52,2026-08-23,,,,0.0,
ZGYO,29.98,6030394.0,180791212.12,1.63,2709.6,42.25,53.44,2026-08-23,,,,0.0,
AYDEM,27.6,5268724.0,145416782.4,1.62,2707.4,42.21,53.36,2026-08-23,,,,0.0,
ANELE,145.0,7484818.0,1085298610.0,1.61,2705.2,42.18,53.28,2026-08-23,,,,0.0,
ESCAR,47.0,4190956.0,196974932.0,1.56,2703.0,42.14,53.2,2026-08-23,,,,0.0,
HRKET,102.0,1142850.0,116570700.0,1.49,2700.8,42.1,53.12,2026-08-23,,,,0.0,
TCELL,104.3,31775662.0,3314201546.6,1.46,2698.6,42.07,53.04,2026-08-23,,,,0.0,
KATMR,2.11,63295981.0,133554519.91,1.44,2696.4,42.03,52.96,2026-08-23,,,,0.0,
RGYAS,207.5,2338867.0,485314902.5,1.42,2694.2,42.0,52.88,2026-08-23,,,,0.0,
VBTYZ,36.52,4166590.0,152163866.8,1.39,2692.0,41.96,52.8,2026-08-23,,,,0.0,
ESCOM,5.92,29782847.0,176314454.24,1.37,2689.8,41.92,52.72,2026-08-23,,,,0.0,
AKFIS,17.28,29434290.0,508624531.2000001,1.35,2687.6,41.89,52.64,2026-08-23,,,,0.0,
BIMAS,416.5,8340700.0,3473901550.0,1.34,2685.4,41.85,52.56,2026-08-23,,,,0.0,
MAVI,38.1,3749276.0,142847415.6,1.28,2683.2,41.82,52.48,2026-08-23,,,,0.0,
UFUK,1840.0,222996.0,410312640.0,1.27,2681.0,41.78,52.4,2026-08-23,,,,0.0,
ENJSA,110.4,4493913.0,496127995.2000001,1.19,2678.8,41.74,52.32,2026-08-23,,,,0.0,
LXGYO,11.08,9585357.0,106205755.56,1.19,2676.6,41.71,52.24,2026-08-23,,,,0.0,
SSAAT,38.26,6887422.0,263512765.72,1.16,2674.4,41.67,52.16,2026-08-23,,,,0.0,
AGHOL,31.42,4062218.0,127634889.56,1.16,2672.2,41.64,52.08,2026-08-23,,,,0.0,
KRDMB,133.5,2245034.0,299712039.0,1.14,2670.0,41.6,52.0,2026-08-23,,,,0.0,
MEYSU,11.89,14133479.0,168047065.31,1.11,2667.8,41.56,51.92,2026-08-23,,,,0.0,
TAVHL,279.75,2357555.0,659526011.25,1.08,2665.6,41.53,51.84,2026-08-23,,,,0.0,
HEKTS,2.85,344028750.0,980481937.5,1.06,2663.4,41.49,51.76,2026-08-23,,,,0.0,
SELEC,287.0,2582390.0,741145930.0,1.06,2661.2,41.46,51.68,2026-08-23,,,,0.0,
CIMSA,45.64,10927198.0,498717316.72,0.97,2659.0,41.42,51.6,2026-08-23,,,,0.0,
YKBNK,35.1,227903244.0,7999403864.400001,0.86,2656.8,41.38,51.52,2026-08-23,,,,0.0,
SAYAS,58.95,2965945.0,174842457.75,0.86,2654.6,41.35,51.44,2026-08-23,,,,0.0,
EKGYO,19.45,94305890.0,1834249560.5,0.78,2652.4,41.31,51.36,2026-08-23,,,,0.0,
PAHOL,1.32,185074876.0,244298836.32,0.76,2650.2,41.28,51.28,2026-08-23,,,,0.0,
FROTO,80.2,22375825.0,1794541165.0,0.75,2648.0,41.24,51.2,2026-08-23,,,,0.0,
ARFYE,21.46,5362634.0,115082125.64,0.75,2645.8,41.2,51.12,2026-08-23,,,,0.0,
TSKB,11.01,8992859.0,99011377.59,0.73,2643.6,41.17,51.04,2026-08-23,,,,0.0,
AKSEN,82.6,8648107.0,714333638.1999999,0.73,2641.4,41.13,50.96,2026-08-23,,,,0.0,
DUNYH,153.1,2093633.0,320535212.3,0.72,2639.2,41.1,50.88,2026-08-23,,,,0.0,
AKBNK,69.7,166262304.0,11588482588.8,0.72,2637.0,41.06,50.8,2026-08-23,,,,0.0,
ECZYT,322.0,305846.0,98482412.0,0.7,2634.8,41.02,50.72,2026-08-23,,,,0.0,
ULKER,93.45,9081640.0,848679258.0,0.7,2632.6,40.99,50.64,2026-08-23,,,,0.0,
ISMEN,32.88,4853521.0,159583770.48000002,0.67,2630.4,40.95,50.56,2026-08-23,,,,0.0,
BIOEN,19.67,6219026.0,122328241.42000002,0.67,2628.2,40.92,50.48,2026-08-23,,,,0.0,
ECOGR,37.3,11404080.0,425372184.0,0.54,2626.0,40.88,50.4,2026-08-23,,,,0.0,
SUNTK,38.6,2664718.0,102858114.8,0.52,2623.8,40.84,50.32,2026-08-23,,,,0.0,
GENIL,12.15,62638446.0,761057118.9,0.5,2621.6,40.81,50.24,2026-08-23,,,,0.0,
ENKAI,83.25,12252832.0,1020048264.0,0.48,2619.4,40.77,50.16,2026-08-23,,,,0.0,
HALKB,34.2,34251397.0,1171397777.4,0.47,2617.2,40.74,50.08,2026-08-23,,,,0.0,
AEFES,19.24,34305838.0,660044323.12,0.47,2615.0,40.7,50.0,2026-08-23,,,,0.0,
OZSUB,43.0,2533941.0,108959463.0,0.47,2612.8,40.66,49.92,2026-08-23,,,,0.0,
GARAN,129.9,29112317.0,3781689978.3,0.46,2610.6,40.63,49.84,2026-08-23,,,,0.0,
OZKGY,13.31,18012451.0,239745722.81,0.45,2608.4,40.59,49.76,2026-08-23,,,,0.0,
AVHOL,36.0,5061397.0,182210292.0,0.45,2606.2,40.56,49.68,2026-08-23,,,,0.0,
ECILC,76.05,3638065.0,276674843.25,0.33,2604.0,40.52,49.6,2026-08-23,,,,0.0,
FENER,3.19,136456017.0,435294694.23,0.31,2601.8,40.48,49.52,2026-08-23,,,,0.0,
ASELS,403.25,31717255.0,12789983078.75,0.25,2599.6,40.45,49.44,2026-08-23,,,,0.0,
SARKY,25.12,8826722.0,221727256.64,0.24,2597.4,40.41,49.36,2026-08-23,,,,0.0,
MPARK,445.0,475119.0,211427955.0,0.23,2595.2,40.38,49.28,2026-08-23,,,,0.0,
PATEK,20.04,22420525.0,449307321.0,0.2,2593.0,40.34,49.2,2026-08-23,,,,0.0,
TURSG,6.33,45118802.0,285602016.66,0.16,2590.8,40.3,49.12,2026-08-23,,,,0.0,
BIGEN,148.6,7044577.0,1046824142.2,0.13,2588.6,40.27,49.04,2026-08-23,,,,0.0,
EREGL,38.14,220803958.0,8421462958.12,0.1,2586.4,40.23,48.96,2026-08-23,,,,0.0,
IZFAS,54.1,4029954.0,218020511.4,0.09,2584.2,40.2,48.88,2026-08-23,,,,0.0,
RYSAS,23.2,25542486.0,592585675.1999999,0.09,2582.0,40.16,48.8,2026-08-23,,,,0.0,
ISCTR,12.39,698672520.0,8656552522.800001,0.08,2579.8,40.12,48.72,2026-08-23,,,,0.0,
ARCLK,92.5,2030678.0,187837715.0,0.05,2577.6,40.09,48.64,2026-08-23,,,,0.0,
ADESE,0.87,168315669.0,146434632.03,0.0,2567.7,39.93,48.28,2026-08-23,,,,0.0,
SKBNK,6.15,57563745.0,354017031.75,0.0,2567.7,39.93,48.28,2026-08-23,,,,0.0,
CANTE,1.21,113621968.0,137482581.28,0.0,2567.7,39.93,48.28,2026-08-23,,,,0.0,
PSGYO,3.43,75679758.0,259581569.94,0.0,2567.7,39.93,48.28,2026-08-23,,,,0.0,
GSRAY,1.12,392184240.0,439246348.8000001,0.0,2567.7,39.93,48.28,2026-08-23,,,,0.0,
VEYAS,135.9,37503501.0,5096725785.900001,0.0,2567.7,39.93,48.28,2026-08-23,,,,0.0,
OZATD,4355.0,1250231.0,5444756005.0,0.0,2567.7,39.93,48.28,2026-08-23,,,,0.0,
PASEU,202.3,12613008.0,2551611518.4,0.0,2567.7,39.93,48.28,2026-08-23,,,,0.0,
KRDMD,44.98,53763067.0,2418262753.66,-0.04,2557.8,39.76,47.92,2026-08-23,,,,0.0,
PGSUS,149.5,10053008.0,1502924696.0,-0.07,2555.6,39.73,47.84,2026-08-23,,,,0.0,
THYAO,301.0,41126204.0,12378987404.0,-0.08,2553.4,39.69,47.76,2026-08-23,,,,0.0,
DMRGD,11.2,33859941.0,379231339.2,-0.09,2551.2,39.66,47.68,2026-08-23,,,,0.0,
ADEL,33.3,3621974.0,120611734.2,-0.18,2549.0,39.62,47.6,2026-08-23,,,,0.0,
PETKM,20.58,66278027.0,1364001795.6599998,-0.19,2546.8,39.58,47.52,2026-08-23,,,,0.0,
KCAER,16.4,16577472.0,271870540.79999995,-0.24,2544.6,39.55,47.44,2026-08-23,,,,0.0,
SISE,39.9,48090562.0,1918813423.8,-0.25,2542.4,39.51,47.36,2026-08-23,,,,0.0,
OYAKC,22.08,20023223.0,442112763.84,-0.27,2540.2,39.48,47.28,2026-08-23,,,,0.0,
TEHOL,51.3,86736463.0,4449580551.9,-0.29,2538.0,39.44,47.2,2026-08-23,,,,0.0,
DOAS,169.8,867268.0,147262106.4,-0.29,2535.8,39.4,47.12,2026-08-23,,,,0.0,
RUBNS,35.3,4421178.0,156067583.39999998,-0.34,2533.6,39.37,47.04,2026-08-23,,,,0.0,
EUPWR,93.0,9751491.0,906888663.0,-0.37,2531.4,39.33,46.96,2026-08-23,,,,0.0,
ONCSM,254.75,2002972.0,510257117.0,-0.39,2529.2,39.3,46.88,2026-08-23,,,,0.0,
HDFGS,2.53,41370137.0,104666446.60999998,-0.39,2527.0,39.26,46.8,2026-08-23,,,,0.0,
ALKLC,426.25,1587383.0,676622003.75,-0.41,2524.8,39.22,46.72,2026-08-23,,,,0.0,
GSDHO,4.79,29428311.0,140961609.69,-0.42,2522.6,39.19,46.64,2026-08-23,,,,0.0,
ODAS,7.12,33637150.0,239496508.0,-0.42,2520.4,39.15,46.56,2026-08-23,,,,0.0,
ENERY,8.83,21222288.0,187392803.04,-0.45,2518.2,39.12,46.48,2026-08-23,,,,0.0,
TUKAS,2.01,48417667.0,97319510.67,-0.5,2516.0,39.08,46.4,2026-08-23,,,,0.0,
BRSAN,690.5,2421634.0,1672138277.0,-0.5,2513.8,39.04,46.32,2026-08-23,,,,0.0,
MIATK,30.24,12237732.0,370069015.68,-0.53,2511.6,39.01,46.24,2026-08-23,,,,0.0,
GRTHO,220.0,641220.0,141068400.0,-0.54,2509.4,38.97,46.16,2026-08-23,,,,0.0,
KUYAS,63.0,3273345.0,206220735.0,-0.55,2507.2,38.94,46.08,2026-08-23,,,,0.0,
UCAYM,25.88,3941164.0,101997324.32,-0.61,2505.0,38.9,46.0,2026-08-23,,,,0.0,
OTKAR,316.5,420077.0,132954370.5,-0.63,2502.8,38.86,45.92,2026-08-23,,,,0.0,
TCKRC,168.3,1825560.0,307241748.0,-0.77,2500.6,38.83,45.84,2026-08-23,,,,0.0,
IEYHO,186.5,1040710.0,194092415.0,-0.8,2498.4,38.79,45.76,2026-08-23,,,,0.0,
GESAN,86.05,6293977.0,541596720.85,-0.81,2496.2,38.76,45.68,2026-08-23,,,,0.0,
VESTL,22.0,12181297.0,267988534.0,-0.81,2494.0,38.72,45.6,2026-08-23,,,,0.0,
RALYH,270.75,1437440.0,389186880.0,-0.82,2491.8,38.68,45.52,2026-08-23,,,,0.0,
ORGE,22.4,6271934.0,140491321.6,-0.88,2489.6,38.65,45.44,2026-08-23,,,,0.0,
IZENR,8.42,14664767.0,123477338.14,-0.94,2487.4,38.61,45.36,2026-08-23,,,,0.0,
SMRTG,9.81,12871572.0,126270121.32,-1.01,2485.2,38.58,45.28,2026-08-23,,,,0.0,
BALSU,11.4,69072830.0,787430262.0,-1.13,2483.0,38.54,45.2,2026-08-23,,,,0.0,
KARCL,114.2,9480467.0,1082669331.4,-1.3,2480.8,38.5,45.12,2026-08-23,,,,0.0,
ALARK,106.3,11801277.0,1254475745.1,-1.3,2478.6,38.47,45.04,2026-08-23,,,,0.0,
AKSA,11.15,27061045.0,301730651.75,-1.33,2476.4,38.43,44.96,2026-08-23,,,,0.0,
MOGAN,20.7,9842395.0,203737576.5,-1.33,2474.2,38.4,44.88,2026-08-23,,,,0.0,
KARSN,9.28,14418214.0,133801025.92,-1.38,2472.0,38.36,44.8,2026-08-23,,,,0.0,
MEGMT,52.5,34339483.0,1802822857.5,-1.41,2469.8,38.32,44.72,2026-08-23,,,,0.0,
ATATR,15.24,25042695.0,381650671.8,-1.49,2467.6,38.29,44.64,2026-08-23,,,,0.0,
NETCD,130.0,2965548.0,385521240.0,-1.52,2465.4,38.25,44.56,2026-08-23,,,,0.0,
KLRHO,65.5,2313637.0,151543223.5,-1.58,2463.2,38.22,44.48,2026-08-23,,,,0.0,
EKDMR,46.3,4978559.0,230507281.7,-1.66,2461.0,38.18,44.4,2026-08-23,,,,0.0,
PEKGY,14.89,139399017.0,2075651363.13,-1.72,2458.8,38.14,44.32,2026-08-23,,,,0.0,
HOROZ,65.55,2838979.0,186095073.45,-1.72,2456.6,38.11,44.24,2026-08-23,,,,0.0,
BINHO,10.86,38242330.0,415311703.8,-1.81,2454.4,38.07,44.16,2026-08-23,,,,0.0,
GOKNR,18.96,5274325.0,100001202.0,-1.81,2452.2,38.04,44.08,2026-08-23,,,,0.0,
PCILT,34.4,9331661.0,321009138.4,-1.88,2450.0,38.0,44.0,2026-08-23,,,,0.0,
ESEN,3.59,31532603.0,113202044.77,-1.91,2447.8,37.96,43.92,2026-08-23,,,,0.0,
FONET,5.46,22857674.0,124802900.04,-1.97,2445.6,37.93,43.84,2026-08-23,,,,0.0,
TUREX,6.78,16665739.0,112993710.42,-2.02,2443.4,37.89,43.76,2026-08-23,,,,0.0,
CVKMD,16.22,39029263.0,633054645.86,-2.05,2441.2,37.86,43.68,2026-08-23,,,,0.0,
GMTAS,44.38,3766695.0,167165924.10000002,-2.12,2439.0,37.82,43.6,2026-08-23,,,,0.0,
TERA,175.9,32965675.0,5798662232.5,-2.28,2436.8,37.78,43.52,2026-08-23,,,,0.0,
BTCIM,4.67,56128561.0,262120379.87,-2.3,2434.6,37.75,43.44,2026-08-23,,,,0.0,
FRMPL,35.2,3209651.0,112979715.2,-2.44,2432.4,37.71,43.36,2026-08-23,,,,0.0,
TATEN,9.49,55001209.0,521961473.41,-2.47,2430.2,37.68,43.28,2026-08-23,,,,0.0,
ALFAS,42.24,10212791.0,431388291.84,-2.81,2428.0,37.64,43.2,2026-08-23,,,,0.0,
CWENE,36.4,107203211.0,3902196880.4,-2.83,2425.8,37.6,43.12,2026-08-23,,,,0.0,
MCARD,168.4,2480351.0,417691108.4,-2.94,2423.6,37.57,43.04,2026-08-23,,,,0.0,
EMPAE,75.0,11056277.0,829220775.0,-2.98,2421.4,37.53,42.96,2026-08-23,,,,0.0,
MAGEN,34.74,14958342.0,519652801.08,-3.02,2419.2,37.5,42.88,2026-08-23,,,,0.0,
GRSEL,318.5,427981.0,136311948.5,-3.12,2417.0,37.46,42.8,2026-08-23,,,,0.0,
BSOKE,33.5,5882720.0,197071120.0,-3.18,2414.8,37.42,42.72,2026-08-23,,,,0.0,
FORTE,133.6,2754665.0,368023244.0,-3.19,2412.6,37.39,42.64,2026-08-23,,,,0.0,
ORZAX,99.7,7950894.0,792704131.8000001,-3.3,2410.4,37.35,42.56,2026-08-23,,,,0.0,
YEOTK,34.84,22650977.0,789160038.6800001,-3.33,2408.2,37.32,42.48,2026-08-23,,,,0.0,
SURGY,33.28,4907135.0,163309452.8,-3.59,2406.0,37.28,42.4,2026-08-23,,,,0.0,
ARMGD,193.3,1746837.0,337663592.1,-3.83,2403.8,37.24,42.32,2026-08-23,,,,0.0,
SOHOE,10.69,20774410.0,222078442.9,-3.87,2401.6,37.21,42.24,2026-08-23,,,,0.0,
KAREL,9.0,29825079.0,268425711.0,-3.95,2399.4,37.17,42.16,2026-08-23,,,,0.0,
BORLS,4.84,48799002.0,236187169.68,-3.97,2397.2,37.14,42.08,2026-08-23,,,,0.0,
MANAS,32.5,23894837.0,776582202.5,-4.02,2395.0,37.1,42.0,2026-08-23,,,,0.0,
JANTS,15.85,22526041.0,357037749.85,-4.06,2392.8,37.06,41.92,2026-08-23,,,,0.0,
QUAGR,3.42,41681268.0,142549936.56,-4.2,2390.6,37.03,41.84,2026-08-23,,,,0.0,
BESTE,33.2,9829953.0,326354439.6,-4.32,2388.4,36.99,41.76,2026-08-23,,,,0.0,
EDATA,19.9,5170399.0,102890940.1,-4.33,2386.2,36.96,41.68,2026-08-23,,,,0.0,
TKNSA,19.31,19356909.0,373781912.79,-4.41,2384.0,36.92,41.6,2026-08-23,,,,0.0,
TSPOR,1.07,491447940.0,525849295.8,-4.46,2381.8,36.88,41.52,2026-08-23,,,,0.0,
KOCMT,4.81,50947175.0,245055911.75,-4.56,2379.6,36.85,41.44,2026-08-23,,,,0.0,
ATATP,307.75,1083977.0,333593921.75,-4.57,2377.4,36.81,41.36,2026-08-23,,,,0.0,
GEREL,38.9,8524695.0,331610635.5,-4.61,2375.2,36.78,41.28,2026-08-23,,,,0.0,
MASFN,43.64,20296966.0,885759596.24,-4.72,2373.0,36.74,41.2,2026-08-23,,,,0.0,
OFSYM,62.8,3081093.0,193492640.4,-4.92,2370.8,36.7,41.12,2026-08-23,,,,0.0,
DEVA,84.0,1510388.0,126872592.0,-5.78,2368.6,36.67,41.04,2026-08-23,,,,0.0,
HEDEF,141.7,12242433.0,1734752756.1,-6.16,2366.4,36.63,40.96,2026-08-23,,,,0.0,
BOBET,19.5,30280755.0,590474722.5,-6.16,2364.2,36.6,40.88,2026-08-23,,,,0.0,
QUICK,70.9,7428268.0,526664201.2000001,-6.53,2362.0,36.56,40.8,2026-08-23,,,,0.0,
PRZMA,81.0,8604261.0,696945141.0,-9.9,2359.8,36.52,40.72,2026-08-23,,,,0.0,
TKFEN,205.9,8092908.0,1666329757.2,-9.97,2357.6,36.49,40.64,2026-08-23,,,,0.0,
METEN,26.0,101307463.0,2633994038.0,-9.97,2355.4,36.45,40.56,2026-08-23,,,,0.0,
LIDER,36.28,24551700.0,890735676.0,-9.98,2353.2,36.42,40.48,2026-08-23,,,,0.0,
SVGYO,16.6,92887446.0,1541931603.6,-9.98,2351.0,36.38,40.4,2026-08-23,,,,0.0,
ODINE,2062.0,70552.0,145478224.0,-10.0,2348.8,36.34,40.32,2026-08-23,,,,0.0,
AGROT,2.52,278168610.0,700984897.2,-10.0,2346.6,36.31,40.24,2026-08-23,,,,0.0,
ALBTN,35.2,24442216.0,860366003.2,10.0,2894.4,45.27,60.16,2026-08-24,,,,0.0,
HATSN,69.3,15974401.0,1107025989.3,10.0,2892.2,45.24,60.08,2026-08-24,,,,0.0,
BRSAN,759.5,5671376.0,4307410072.0,9.99,2890.0,45.2,60.0,2026-08-24,,,,0.0,
TKNKA,113.5,884656.0,100408456.0,9.98,2887.8,45.16,59.92,2026-08-24,,,,0.0,
PATEK,22.04,50859789.0,1120949749.56,9.98,2885.6,45.13,59.84,2026-08-24,,,,0.0,
BRLSM,19.09,7055283.0,134685352.47,9.97,2883.4,45.09,59.76,2026-08-24,,,,0.0,
GIPTA,93.9,1427999.0,134089106.1,9.95,2881.2,45.06,59.68,2026-08-24,,,,0.0,
PLTUR,22.56,9229263.0,208212173.28,9.94,2879.0,45.02,59.6,2026-08-24,,,,0.0,
VEYAS,149.4,10326821.0,1542827057.4,9.93,2876.8,44.98,59.52,2026-08-24,,,,0.0,
CITAS,118.5,48737579.0,5775403111.5,9.93,2874.6,44.95,59.44,2026-08-24,,,,0.0,
OZATD,4785.0,1618477.0,7744412445.0,9.87,2872.4,44.91,59.36,2026-08-24,,,,0.0,
NETAS,108.5,5119524.0,555468354.0,9.43,2870.2,44.88,59.28,2026-08-24,,,,0.0,
TSPOR,1.17,474767374.0,555477827.5799999,9.35,2868.0,44.84,59.2,2026-08-24,,,,0.0,
ENDAE,20.46,18125993.0,370857816.78,8.6,2865.8,44.8,59.12,2026-08-24,,,,0.0,
TARKM,499.0,356217.0,177752283.0,8.07,2863.6,44.77,59.04,2026-08-24,,,,0.0,
KLGYO,4.9,26836407.0,131498394.3,7.93,2861.4,44.73,58.96,2026-08-24,,,,0.0,
SVGYO,17.9,30628700.0,548253730.0,7.83,2859.2,44.7,58.88,2026-08-24,,,,0.0,
SNGYO,3.41,32667550.0,111396345.5,7.23,2857.0,44.66,58.8,2026-08-24,,,,0.0,
EDIP,36.9,4092329.0,151006940.1,7.21,2854.8,44.62,58.72,2026-08-24,,,,0.0,
ADEL,35.62,10878743.0,387500825.66,6.97,2852.6,44.59,58.64,2026-08-24,,,,0.0,
ORGE,23.94,11260623.0,269579314.62,6.88,2850.4,44.55,58.56,2026-08-24,,,,0.0,
BLCYT,22.26,6676101.0,148610008.26000002,6.61,2848.2,44.52,58.48,2026-08-24,,,,0.0,
EKGYO,20.7,156106049.0,3231395214.3,6.43,2846.0,44.48,58.4,2026-08-24,,,,0.0,
SAYAS,62.65,4652220.0,291461583.0,6.28,2843.8,44.44,58.32,2026-08-24,,,,0.0,
KNFRT,12.74,13449317.0,171344298.58,6.17,2841.6,44.41,58.24,2026-08-24,,,,0.0,
BRYAT,1805.0,268728.0,483426144.0,6.11,2839.4,44.37,58.16,2026-08-24,,,,0.0,
VBTYZ,38.66,4241860.0,163990307.6,5.86,2837.2,44.34,58.08,2026-08-24,,,,0.0,
TKFEN,217.4,6543155.0,1422481897.0,5.59,2835.0,44.3,58.0,2026-08-24,,,,0.0,
PASEU,212.7,10901262.0,2318698427.4,5.14,2832.8,44.26,57.92,2026-08-24,,,,0.0,
ZGYO,31.52,17281539.0,544714109.28,5.14,2830.6,44.23,57.84,2026-08-24,,,,0.0,
OFSYM,66.0,4473174.0,295229484.0,5.1,2828.4,44.19,57.76,2026-08-24,,,,0.0,
OBAMS,5.4,81807090.0,441758286.0,4.85,2826.2,44.16,57.68,2026-08-24,,,,0.0,
KLYPV,68.2,13943393.0,950939402.6,4.6,2824.0,44.12,57.6,2026-08-24,,,,0.0,
KLRHO,68.35,5471980.0,374009833.0,4.35,2821.8,44.08,57.52,2026-08-24,,,,0.0,
SMRTG,10.23,24370808.0,249313365.84,4.28,2819.6,44.05,57.44,2026-08-24,,,,0.0,
KUYAS,65.6,4854111.0,318429681.6,4.13,2817.4,44.01,57.36,2026-08-24,,,,0.0,
ORZAX,103.8,8006093.0,831032453.4,4.11,2815.2,43.98,57.28,2026-08-24,,,,0.0,
OTKAR,329.25,1018265.0,335263751.25,4.03,2813.0,43.94,57.2,2026-08-24,,,,0.0,
YKBNK,36.48,242160843.0,8834027552.64,3.93,2810.8,43.9,57.12,2026-08-24,,,,0.0,
VAKFA,11.44,16678140.0,190797921.6,3.91,2808.6,43.87,57.04,2026-08-24,,,,0.0,
ALTIN,80.06,20582153.0,1647807169.18,3.7,2806.4,43.83,56.96,2026-08-24,,,,0.0,
KBORU,22.06,5766212.0,127202636.72,3.67,2804.2,43.8,56.88,2026-08-24,,,,0.0,
GUBRF,493.0,8495395.0,4188229735.0,3.63,2802.0,43.76,56.8,2026-08-24,,,,0.0,
ATATP,318.75,1035293.0,329999643.75,3.57,2799.8,43.72,56.72,2026-08-24,,,,0.0,
PSDTC,162.0,863447.0,139878414.0,3.51,2797.6,43.69,56.64,2026-08-24,,,,0.0,
HLGYO,4.43,41859424.0,185437248.32,3.5,2795.4,43.65,56.56,2026-08-24,,,,0.0,
TRALT,56.45,134088954.0,7569321453.3,3.48,2793.2,43.62,56.48,2026-08-24,,,,0.0,
AKBNK,72.05,177390110.0,12780957425.5,3.37,2791.0,43.58,56.4,2026-08-24,,,,0.0,
ARSAN,4.01,38045498.0,152562446.98,3.35,2788.8,43.54,56.32,2026-08-24,,,,0.0,
ZERGY,9.2,12435865.0,114409958.0,3.25,2786.6,43.51,56.24,2026-08-24,,,,0.0,
ECILC,78.4,11448969.0,897599169.6,3.09,2784.4,43.47,56.16,2026-08-24,,,,0.0,
GOLDA,13.43,46354454.0,622540317.22,3.07,2782.2,43.44,56.08,2026-08-24,,,,0.0,
MRGYO,1.37,182217316.0,249637722.92,3.01,2780.0,43.4,56.0,2026-08-24,,,,0.0,
TRMET,147.6,9070549.0,1338813032.4,3.0,2777.8,43.36,55.92,2026-08-24,,,,0.0,
SOHOE,11.01,27569640.0,303541736.4,2.99,2775.6,43.33,55.84,2026-08-24,,,,0.0,
EGGUB,106.8,991695.0,105913026.0,2.99,2773.4,43.29,55.76,2026-08-24,,,,0.0,
SDTTR,270.75,1078049.0,291881766.75,2.95,2771.2,43.26,55.68,2026-08-24,,,,0.0,
EKDMR,47.66,8219940.0,391762340.4,2.94,2769.0,43.22,55.6,2026-08-24,,,,0.0,
ALBRK,8.94,30107338.0,269159601.72,2.88,2766.8,43.18,55.52,2026-08-24,,,,0.0,
BOBET,20.06,5195736.0,104226464.16,2.87,2764.6,43.15,55.44,2026-08-24,,,,0.0,
SARKY,25.82,7688403.0,198514565.46,2.79,2762.4,43.11,55.36,2026-08-24,,,,0.0,
GUNDG,1994.0,532591.0,1061986454.0,2.78,2760.2,43.08,55.28,2026-08-24,,,,0.0,
AKFIS,17.76,26938777.0,478432679.52,2.78,2758.0,43.04,55.2,2026-08-24,,,,0.0,
RYSAS,23.84,8996361.0,214473246.24,2.76,2755.8,43.0,55.12,2026-08-24,,,,0.0,
EGEGY,32.46,8050303.0,261312835.38,2.72,2753.6,42.97,55.04,2026-08-24,,,,0.0,
KONYA,4065.0,29251.0,118905315.0,2.65,2751.4,42.93,54.96,2026-08-24,,,,0.0,
PSGYO,3.52,268044397.0,943516277.44,2.62,2749.2,42.9,54.88,2026-08-24,,,,0.0,
LXGYO,11.37,11112001.0,126343451.37,2.62,2747.0,42.86,54.8,2026-08-24,,,,0.0,
BIOEN,20.18,7200568.0,145307462.24,2.59,2744.8,42.82,54.72,2026-08-24,,,,0.0,
CATES,63.6,2553049.0,162373916.4,2.58,2742.6,42.79,54.64,2026-08-24,,,,0.0,
VAKBN,31.38,47791293.0,1499690774.34,2.55,2740.4,42.75,54.56,2026-08-24,,,,0.0,
MANAS,33.32,35748752.0,1191148416.64,2.52,2738.2,42.72,54.48,2026-08-24,,,,0.0,
EKIM,19.45,20391447.0,396613644.15,2.37,2736.0,42.68,54.4,2026-08-24,,,,0.0,
BIENY,21.76,5784906.0,125879554.56,2.26,2733.8,42.64,54.32,2026-08-24,,,,0.0,
PEKGY,15.22,122273280.0,1860999321.6,2.22,2731.6,42.61,54.24,2026-08-24,,,,0.0,
MEYSU,12.14,16380518.0,198859488.52,2.1,2729.4,42.57,54.16,2026-08-24,,,,0.0,
TUREX,6.92,26648200.0,184405544.0,2.06,2727.2,42.54,54.08,2026-08-24,,,,0.0,
INDES,11.66,9655674.0,112585158.84,2.01,2725.0,42.5,54.0,2026-08-24,,,,0.0,
SAHOL,94.25,47784378.0,4503677626.5,2.0,2722.8,42.46,53.92,2026-08-24,,,,0.0,
TRGYO,97.35,1688992.0,164423371.2,1.94,2720.6,42.43,53.84,2026-08-24,,,,0.0,
TERA,179.3,17083980.0,3063157614.0,1.93,2718.4,42.39,53.76,2026-08-24,,,,0.0,
TRENJ,109.8,3458754.0,379771189.2,1.86,2716.2,42.36,53.68,2026-08-24,,,,0.0,
IEYHO,189.9,569632.0,108173116.8,1.82,2714.0,42.32,53.6,2026-08-24,,,,0.0,
LILAK,30.32,5617807.0,170331908.24,1.81,2711.8,42.28,53.52,2026-08-24,,,,0.0,
SKBNK,6.26,160806701.0,1006649948.26,1.79,2709.6,42.25,53.44,2026-08-24,,,,0.0,
HEKTS,2.9,325495190.0,943936051.0,1.75,2707.4,42.21,53.36,2026-08-24,,,,0.0,
ISCTR,12.6,738370624.0,9303469862.4,1.69,2705.2,42.18,53.28,2026-08-24,,,,0.0,
KAYSE,4.22,25564736.0,107883185.92,1.69,2703.0,42.14,53.2,2026-08-24,,,,0.0,
GESAN,87.5,15018926.0,1314156025.0,1.69,2700.8,42.1,53.12,2026-08-24,,,,0.0,
CANTE,1.23,151173261.0,185943111.03,1.65,2698.6,42.07,53.04,2026-08-24,,,,0.0,
BLUME,43.3,2982921.0,129160479.3,1.64,2696.4,42.03,52.96,2026-08-24,,,,0.0,
GARAN,132.0,43285887.0,5713737084.0,1.62,2694.2,42.0,52.88,2026-08-24,,,,0.0,
TCKRC,171.0,2689658.0,459931518.0,1.6,2692.0,41.96,52.8,2026-08-24,,,,0.0,
KRDMA,54.35,7625571.0,414449783.85,1.59,2689.8,41.92,52.72,2026-08-24,,,,0.0,
TUKAS,2.04,63931953.0,130421184.12,1.49,2687.6,41.89,52.64,2026-08-24,,,,0.0,
ASTOR,340.75,30586953.0,10422504234.75,1.49,2685.4,41.85,52.56,2026-08-24,,,,0.0,
KOCMT,4.88,49740769.0,242734952.72,1.46,2683.2,41.82,52.48,2026-08-24,,,,0.0,
ANELE,147.0,1509731.0,221930457.0,1.38,2681.0,41.78,52.4,2026-08-24,,,,0.0,
OYAKC,22.38,24665680.0,552017918.4,1.36,2678.8,41.74,52.32,2026-08-24,,,,0.0,
ALFAS,42.78,3105607.0,132857867.46,1.28,2676.6,41.71,52.24,2026-08-24,,,,0.0,
AVHOL,36.46,6471035.0,235933936.1,1.28,2674.4,41.67,52.16,2026-08-24,,,,0.0,
TSKB,11.15,15020523.0,167478831.45000002,1.27,2672.2,41.64,52.08,2026-08-24,,,,0.0,
ARMGD,195.7,1104825.0,216214252.5,1.24,2670.0,41.6,52.0,2026-08-24,,,,0.0,
BESTE,33.6,7618145.0,255969672.0,1.2,2667.8,41.56,51.92,2026-08-24,,,,0.0,
KARSN,9.39,16018354.0,150412344.06,1.19,2665.6,41.53,51.84,2026-08-24,,,,0.0,
HALKB,34.6,36769972.0,1272241031.2,1.17,2663.4,41.49,51.76,2026-08-24,,,,0.0,
BIGEN,150.3,1051047.0,157972364.10000002,1.14,2661.2,41.46,51.68,2026-08-24,,,,0.0,
EUREN,3.92,25985026.0,101861301.92,1.03,2659.0,41.42,51.6,2026-08-24,,,,0.0,
ECZYT,325.25,337889.0,109898397.25,1.01,2656.8,41.38,51.52,2026-08-24,,,,0.0,
AKSA,11.25,15169021.0,170651486.25,0.9,2654.6,41.35,51.44,2026-08-24,,,,0.0,
GSRAY,1.13,541089339.0,611430953.0699999,0.89,2652.4,41.31,51.36,2026-08-24,,,,0.0,
BINHO,10.95,33695314.0,368963688.3,0.83,2650.2,41.28,51.28,2026-08-24,,,,0.0,
GEREL,39.22,5540056.0,217280996.32,0.82,2648.0,41.24,51.2,2026-08-24,,,,0.0,
SSAAT,38.56,8129488.0,313473057.28000003,0.78,2645.8,41.2,51.12,2026-08-24,,,,0.0,
PETKM,20.74,74869292.0,1552789116.08,0.78,2643.6,41.17,51.04,2026-08-24,,,,0.0,
KARTN,172.1,691456.0,118999577.6,0.76,2641.4,41.13,50.96,2026-08-24,,,,0.0,
PAHOL,1.33,152774078.0,203189523.74,0.76,2639.2,41.1,50.88,2026-08-24,,,,0.0,
CIMSA,45.98,6180434.0,284176355.32,0.74,2637.0,41.06,50.8,2026-08-24,,,,0.0,
MARTI,1.4,138002142.0,193202998.8,0.72,2634.8,41.02,50.72,2026-08-24,,,,0.0,
BTCIM,4.7,110932963.0,521384926.1,0.64,2632.6,40.99,50.64,2026-08-24,,,,0.0,
ENJSA,111.1,2680229.0,297773441.9,0.63,2630.4,40.95,50.56,2026-08-24,,,,0.0,
RGYAS,208.8,2307601.0,481827088.8,0.63,2628.2,40.92,50.48,2026-08-24,,,,0.0,
GRTHO,221.3,630510.0,139531863.0,0.59,2626.0,40.88,50.4,2026-08-24,,,,0.0,
QUICK,71.3,11856536.0,845371016.8,0.56,2623.8,40.84,50.32,2026-08-24,,,,0.0,
ARCLK,93.0,1241082.0,115420626.0,0.54,2621.6,40.81,50.24,2026-08-24,,,,0.0,
KRDMD,45.22,52204464.0,2360685862.08,0.53,2619.4,40.77,50.16,2026-08-24,,,,0.0,
JANTS,15.93,6306147.0,100456921.71,0.5,2617.2,40.74,50.08,2026-08-24,,,,0.0,
EFOR,20.0,45514917.0,910298340.0,0.5,2615.0,40.7,50.0,2026-08-24,,,,0.0,
KATMR,2.12,66135869.0,140868122.97,0.47,2612.8,40.66,49.92,2026-08-24,,,,0.0,
GRSEL,320.0,322727.0,103272640.0,0.47,2610.6,40.63,49.84,2026-08-24,,,,0.0,
DOHOL,21.7,8312556.0,180382465.2,0.46,2608.4,40.59,49.76,2026-08-24,,,,0.0,
FRMPL,35.36,3409599.0,120563420.64,0.45,2606.2,40.56,49.68,2026-08-24,,,,0.0,
SASA,2.33,2364915716.0,5510253618.28,0.43,2604.0,40.52,49.6,2026-08-24,,,,0.0,
MASFN,43.82,18082020.0,792354116.4,0.41,2601.8,40.48,49.52,2026-08-24,,,,0.0,
MAVI,38.24,2836844.0,108480914.56,0.37,2599.6,40.45,49.44,2026-08-24,,,,0.0,
VESTL,22.08,7421210.0,163860316.79999998,0.36,2597.4,40.41,49.36,2026-08-24,,,,0.0,
AHGAZ,33.48,4955447.0,165908365.55999997,0.36,2595.2,40.38,49.28,2026-08-24,,,,0.0,
ENERY,8.86,19892702.0,176249339.72,0.34,2593.0,40.34,49.2,2026-08-24,,,,0.0,
DMRGD,11.23,22731731.0,255277339.13,0.27,2590.8,40.3,49.12,2026-08-24,,,,0.0,
EREGL,38.24,162724440.0,6222582585.6,0.26,2588.6,40.27,49.04,2026-08-24,,,,0.0,
AAGYO,13.14,8728844.0,114697010.16,0.23,2586.4,40.23,48.96,2026-08-24,,,,0.0,
TNZTP,29.06,3427913.0,99615151.78,0.21,2584.2,40.2,48.88,2026-08-24,,,,0.0,
INVES,831.5,171465.0,142573147.5,0.18,2582.0,40.16,48.8,2026-08-24,,,,0.0,
BSOKE,33.54,14018719.0,470187835.26,0.12,2579.8,40.12,48.72,2026-08-24,,,,0.0,
SELEC,287.25,2570574.0,738397381.5,0.09,2577.6,40.09,48.64,2026-08-24,,,,0.0,
KGYO,12.91,13370845.0,172617608.95,0.08,2575.4,40.05,48.56,2026-08-24,,,,0.0,
PGSUS,149.6,8515817.0,1273966223.2,0.07,2573.2,40.02,48.48,2026-08-24,,,,0.0,
MAGEN,34.76,7917327.0,275206286.52,0.06,2571.0,39.98,48.4,2026-08-24,,,,0.0,
LIDER,36.3,40428822.0,1467566238.6,0.06,2568.8,39.94,48.32,2026-08-24,,,,0.0,
ADESE,0.87,154715152.0,134602182.24,0.0,2564.4,39.87,48.16,2026-08-24,,,,0.0,
TRHOL,2560.0,652393.0,1670126080.0,0.0,2564.4,39.87,48.16,2026-08-24,,,,0.0,
EUPWR,93.0,16844766.0,1566563238.0,0.0,2564.4,39.87,48.16,2026-08-24,,,,0.0,
THYAO,300.75,54146217.0,16284474762.75,-0.08,2560.0,39.8,48.0,2026-08-24,,,,0.0,
IZENR,8.41,31507260.0,264976056.6,-0.12,2557.8,39.76,47.92,2026-08-24,,,,0.0,
ENKAI,83.15,10233232.0,850893240.8000001,-0.12,2555.6,39.73,47.84,2026-08-24,,,,0.0,
ODAS,7.11,37315471.0,265312998.81,-0.14,2553.4,39.69,47.76,2026-08-24,,,,0.0,
SOKM,58.9,4719476.0,277977136.4,-0.17,2551.2,39.66,47.68,2026-08-24,,,,0.0,
KMPUR,21.5,4717489.0,101426013.5,-0.19,2549.0,39.62,47.6,2026-08-24,,,,0.0,
MEGMT,52.4,8169463.0,428079861.2,-0.19,2546.8,39.58,47.52,2026-08-24,,,,0.0,
MIATK,30.18,10048164.0,303253589.52,-0.2,2544.6,39.55,47.44,2026-08-24,,,,0.0,
CVKMD,16.18,37954794.0,614108566.92,-0.25,2542.4,39.51,47.36,2026-08-24,,,,0.0,
FROTO,80.0,17232587.0,1378606960.0,-0.25,2540.2,39.48,47.28,2026-08-24,,,,0.0,
SISE,39.8,41528432.0,1652831593.6,-0.25,2538.0,39.44,47.2,2026-08-24,,,,0.0,
ESEN,3.58,30353793.0,108666578.94,-0.28,2535.8,39.4,47.12,2026-08-24,,,,0.0,
SURGY,33.18,6384364.0,211833197.52,-0.3,2533.6,39.37,47.04,2026-08-24,,,,0.0,
GSDDE,14.55,7984019.0,116167476.45,-0.41,2531.4,39.33,46.96,2026-08-24,,,,0.0,
CWENE,36.22,67049390.0,2428528905.8,-0.49,2529.2,39.3,46.88,2026-08-24,,,,0.0,
ISMEN,32.7,8917758.0,291610686.6,-0.55,2527.0,39.26,46.8,2026-08-24,,,,0.0,
AYDEM,27.44,4376952.0,120103562.88,-0.58,2524.8,39.22,46.72,2026-08-24,,,,0.0,
ALKLC,423.75,4695431.0,1989688886.25,-0.59,2522.6,39.19,46.64,2026-08-24,,,,0.0,
LMKDC,24.76,4840016.0,119838796.16,-0.64,2520.4,39.15,46.56,2026-08-24,,,,0.0,
MPARK,442.0,386097.0,170654874.0,-0.67,2518.2,39.12,46.48,2026-08-24,,,,0.0,
YEOTK,34.56,12785067.0,441851915.52,-0.8,2516.0,39.08,46.4,2026-08-24,,,,0.0,
DOAS,168.4,818450.0,137826980.0,-0.82,2513.8,39.04,46.32,2026-08-24,,,,0.0,
RALYH,268.5,1656780.0,444845430.0,-0.83,2511.6,39.01,46.24,2026-08-24,,,,0.0,
ASELS,399.75,30995850.0,12390591037.5,-0.87,2509.4,38.97,46.16,2026-08-24,,,,0.0,
TCELL,103.3,31731789.0,3277893803.7,-0.96,2507.2,38.94,46.08,2026-08-24,,,,0.0,
AKSEN,81.8,7091242.0,580063595.6,-0.97,2505.0,38.9,46.0,2026-08-24,,,,0.0,
BIGTK,346.0,914326.0,316356796.0,-1.0,2502.8,38.86,45.92,2026-08-24,,,,0.0,
AYGAZ,333.5,979075.0,326521512.5,-1.04,2500.6,38.83,45.84,2026-08-24,,,,0.0,
NIBAS,3.81,49591398.0,188943226.38,-1.04,2498.4,38.79,45.76,2026-08-24,,,,0.0,
TAVHL,276.75,2737838.0,757696666.5,-1.07,2496.2,38.76,45.68,2026-08-24,,,,0.0,
BIMAS,412.0,7479222.0,3081439464.0,-1.08,2494.0,38.72,45.6,2026-08-24,,,,0.0,
AGHOL,31.08,4554077.0,141540713.16,-1.08,2491.8,38.68,45.52,2026-08-24,,,,0.0,
ATATR,15.07,28343152.0,427131300.64,-1.12,2489.6,38.65,45.44,2026-08-24,,,,0.0,
MGROS,566.5,2344064.0,1327912256.0,-1.13,2487.4,38.61,45.36,2026-08-24,,,,0.0,
QUAGR,3.38,29689723.0,100351263.74,-1.17,2485.2,38.58,45.28,2026-08-24,,,,0.0,
GENIL,12.0,33172200.0,398066400.0,-1.23,2483.0,38.54,45.2,2026-08-24,,,,0.0,
AKFYE,23.9,7909904.0,189046705.6,-1.24,2480.8,38.5,45.12,2026-08-24,,,,0.0,
FENER,3.15,187264969.0,589884652.35,-1.25,2478.6,38.47,45.04,2026-08-24,,,,0.0,
ECOGR,36.76,8674082.0,318859254.32,-1.45,2476.4,38.43,44.96,2026-08-24,,,,0.0,
AEFES,18.96,54316179.0,1029834753.84,-1.46,2474.2,38.4,44.88,2026-08-24,,,,0.0,
KCHOL,219.1,28757446.0,6300756418.599999,-1.48,2472.0,38.36,44.8,2026-08-24,,,,0.0,
HUNER,3.96,38432920.0,152194363.2,-1.49,2469.8,38.32,44.72,2026-08-24,,,,0.0,
KCAER,16.15,15037129.0,242849633.35,-1.52,2467.6,38.29,44.64,2026-08-24,,,,0.0,
SARAE,89.95,57930788.0,5210874380.6,-1.53,2465.4,38.25,44.56,2026-08-24,,,,0.0,
TUPRS,400.5,21425422.0,8580881511.0,-1.54,2463.2,38.22,44.48,2026-08-24,,,,0.0,
NETCD,128.0,2248883.0,287857024.0,-1.54,2461.0,38.18,44.4,2026-08-24,,,,0.0,
TATEN,9.34,34625574.0,323402861.16,-1.58,2458.8,38.14,44.32,2026-08-24,,,,0.0,
MOGAN,20.36,10358865.0,210906491.4,-1.64,2456.6,38.11,44.24,2026-08-24,,,,0.0,
TOASO,276.5,3832240.0,1059614360.0,-1.69,2454.4,38.07,44.16,2026-08-24,,,,0.0,
ALTNY,18.87,37131586.0,700673027.82,-1.77,2452.2,38.04,44.08,2026-08-24,,,,0.0,
KRDMB,131.0,1841139.0,241189209.0,-1.87,2450.0,38.0,44.0,2026-08-24,,,,0.0,
HOROZ,64.3,2157147.0,138704552.1,-1.91,2447.8,37.96,43.92,2026-08-24,,,,0.0,
DAPGM,8.7,85209358.0,741321414.5999999,-1.92,2445.6,37.93,43.84,2026-08-24,,,,0.0,
ULKER,91.65,7997013.0,732926241.45,-1.93,2443.4,37.89,43.76,2026-08-24,,,,0.0,
CEMZY,16.65,124908342.0,2079723894.3,-1.94,2441.2,37.86,43.68,2026-08-24,,,,0.0,
GLRMK,177.4,4566366.0,810073328.4,-1.99,2439.0,37.82,43.6,2026-08-24,,,,0.0,
TKNSA,18.92,9335819.0,176633695.48000002,-2.02,2436.8,37.78,43.52,2026-08-24,,,,0.0,
ALARK,104.1,6463231.0,672822347.0999999,-2.07,2434.6,37.75,43.44,2026-08-24,,,,0.0,
ISKPL,8.34,29484859.0,245903724.06,-2.11,2432.4,37.71,43.36,2026-08-24,,,,0.0,
OZSUB,42.06,3723853.0,156625257.18,-2.19,2430.2,37.68,43.28,2026-08-24,,,,0.0,
ESCOM,5.79,20506285.0,118731390.15,-2.2,2428.0,37.64,43.2,2026-08-24,,,,0.0,
KAREL,8.8,14918729.0,131284815.20000002,-2.22,2425.8,37.6,43.12,2026-08-24,,,,0.0,
UCAYM,25.3,5724738.0,144835871.4,-2.24,2423.6,37.57,43.04,2026-08-24,,,,0.0,
BERA,13.97,9502636.0,132751824.92,-2.31,2421.4,37.53,42.96,2026-08-24,,,,0.0,
DOFRB,131.6,3554229.0,467736536.4,-2.45,2419.2,37.5,42.88,2026-08-24,,,,0.0,
TTKOM,53.5,32817816.0,1755753156.0,-2.46,2417.0,37.46,42.8,2026-08-24,,,,0.0,
DSTKF,2096.0,701891.0,1471163536.0,-2.51,2414.8,37.42,42.72,2026-08-24,,,,0.0,
TURSG,6.17,115914332.0,715191428.4399999,-2.53,2412.6,37.39,42.64,2026-08-24,,,,0.0,
KTLEV,61.7,130203986.0,8033585936.200001,-2.83,2410.4,37.35,42.56,2026-08-24,,,,0.0,
PRZMA,78.6,4641583.0,364828423.8,-2.96,2408.2,37.32,42.48,2026-08-24,,,,0.0,
MARMR,2.49,61124964.0,152201160.36,-3.11,2406.0,37.28,42.4,2026-08-24,,,,0.0,
KORDS,89.75,1700885.0,152654428.75,-3.13,2403.8,37.24,42.32,2026-08-24,,,,0.0,
FZLGY,9.95,23302411.0,231858989.45,-3.4,2401.6,37.21,42.24,2026-08-24,,,,0.0,
MCARD,162.6,1793552.0,291631555.2,-3.44,2399.4,37.17,42.16,2026-08-24,,,,0.0,
FORTE,128.9,2407261.0,310295942.90000004,-3.52,2397.2,37.14,42.08,2026-08-24,,,,0.0,
ALVES,1.82,116087574.0,211279384.68,-3.7,2395.0,37.1,42.0,2026-08-24,,,,0.0,
INFO,6.72,36057472.0,242306211.84,-3.72,2392.8,37.06,41.92,2026-08-24,,,,0.0,
CCOLA,80.0,12958754.0,1036700320.0,-3.85,2390.6,37.03,41.84,2026-08-24,,,,0.0,
GMTAS,42.58,2751713.0,117167939.54,-4.06,2388.4,36.99,41.76,2026-08-24,,,,0.0,
RUBNS,33.86,3705629.0,125472597.94,-4.08,2386.2,36.96,41.68,2026-08-24,,,,0.0,
HKTM,14.12,35837117.0,506020092.04,-4.27,2384.0,36.92,41.6,2026-08-24,,,,0.0,
EMPAE,71.7,8062034.0,578047837.8000001,-4.4,2381.8,36.88,41.52,2026-08-24,,,,0.0,
BJKAS,2.79,1112743822.0,3104555263.38,-5.1,2379.6,36.85,41.44,2026-08-24,,,,0.0,
ARDYZ,91.1,7311214.0,666051595.4,-5.1,2377.4,36.81,41.36,2026-08-24,,,,0.0,
GOKNR,17.95,12327944.0,221286594.8,-5.33,2375.2,36.78,41.28,2026-08-24,,,,0.0,
BETAE,100.9,13900680.0,1402578612.0,-5.44,2373.0,36.74,41.2,2026-08-24,,,,0.0,
BALSU,10.78,51313290.0,553157266.1999999,-5.44,2370.8,36.7,41.12,2026-08-24,,,,0.0,
ISVEA,72.8,3779857.0,275173589.6,-5.45,2368.6,36.67,41.04,2026-08-24,,,,0.0,
MERCN,18.87,7770005.0,146619994.35,-6.49,2366.4,36.63,40.96,2026-08-24,,,,0.0,
IZFAS,50.4,4520225.0,227819340.0,-6.84,2364.2,36.6,40.88,2026-08-24,,,,0.0,
CRFSA,269.75,3684611.0,993923817.25,-6.9,2362.0,36.56,40.8,2026-08-24,,,,0.0,
METEN,24.06,76749804.0,1846600284.24,-7.46,2359.8,36.52,40.72,2026-08-24,,,,0.0,
HEDEF,130.3,6103094.0,795233148.2,-8.05,2357.6,36.49,40.64,2026-08-24,,,,0.0,
KARCL,105.0,5351061.0,561861405.0,-8.06,2355.4,36.45,40.56,2026-08-24,,,,0.0,
AGROT,2.3,703465650.0,1617970994.9999998,-8.73,2353.2,36.42,40.48,2026-08-24,,,,0.0,
TGSAS,203.0,959103.0,194697909.0,-9.17,2351.0,36.38,40.4,2026-08-24,,,,0.0,
TMPOL,565.0,1791931.0,1012441015.0,-9.96,2348.8,36.34,40.32,2026-08-24,,,,0.0,
TEHOL,46.18,15053795.0,695184253.1,-9.98,2346.6,36.31,40.24,2026-08-24,,,,0.0,
GMTAS,46.64,12459343.0,581103757.52,10.0,2894.4,45.27,60.16,2026-08-25,,,,0.0,
KBORU,24.2,63317449.0,1532282265.8,10.0,2892.2,45.24,60.08,2026-08-25,,,,0.0,
ISVEA,76.55,4204922.0,321886779.1,9.99,2890.0,45.2,60.0,2026-08-25,,,,0.0,
BIGTK,380.25,1388540.0,527992335.0,9.98,2887.8,45.16,59.92,2026-08-25,,,,0.0,
IZFAS,53.55,5091182.0,272632796.1,9.96,2885.6,45.13,59.84,2026-08-25,,,,0.0,
HATSN,76.2,19437719.0,1481154187.8,9.96,2883.4,45.09,59.76,2026-08-25,,,,0.0,
TKNKA,124.8,1356586.0,169301932.79999998,9.96,2881.2,45.06,59.68,2026-08-25,,,,0.0,
KRDMA,59.65,23984598.0,1430681270.7,9.95,2879.0,45.02,59.6,2026-08-25,,,,0.0,
KPEKS,125.0,6210641.0,776330125.0,9.94,2876.8,44.98,59.52,2026-08-25,,,,0.0,
BRLSM,20.98,11250515.0,236035804.7,9.9,2874.6,44.95,59.44,2026-08-25,,,,0.0,
NIBAS,4.12,34981016.0,144121785.92000002,9.87,2872.4,44.91,59.36,2026-08-25,,,,0.0,
TGSAS,222.0,956217.0,212280174.0,9.79,2870.2,44.88,59.28,2026-08-25,,,,0.0,
KRGYO,3.05,79561970.0,242664008.5,9.71,2868.0,44.84,59.2,2026-08-25,,,,0.0,
DURKN,24.0,6976540.0,167436960.0,9.59,2865.8,44.8,59.12,2026-08-25,,,,0.0,
SNICA,3.55,36099627.0,128153675.85,7.9,2863.6,44.77,59.04,2026-08-25,,,,0.0,
CEMAS,4.53,56832239.0,257450042.67,6.59,2861.4,44.73,58.96,2026-08-25,,,,0.0,
TKNSA,19.9,19834511.0,394706768.9,5.74,2859.2,44.7,58.88,2026-08-25,,,,0.0,
ARSAN,4.23,52152795.0,220606322.85,5.49,2857.0,44.66,58.8,2026-08-25,,,,0.0,
KARCL,108.3,8049658.0,871777961.4,5.35,2854.8,44.62,58.72,2026-08-25,,,,0.0,
ATATP,335.0,1474270.0,493880450.0,5.35,2852.6,44.59,58.64,2026-08-25,,,,0.0,
PCILT,35.84,3343464.0,119829749.76,5.04,2850.4,44.55,58.56,2026-08-25,,,,0.0,
AHGAZ,35.12,11227015.0,394292766.8,4.9,2848.2,44.52,58.48,2026-08-25,,,,0.0,
ADEL,37.46,16767506.0,628110774.76,4.75,2846.0,44.48,58.4,2026-08-25,,,,0.0,
KOCMT,5.1,76448867.0,389889221.7,4.72,2843.8,44.44,58.32,2026-08-25,,,,0.0,
DEVA,88.2,1342001.0,118364488.2,4.63,2841.6,44.41,58.24,2026-08-25,,,,0.0,
TEKTU,7.95,21376610.0,169944049.5,4.61,2839.4,44.37,58.16,2026-08-25,,,,0.0,
DSTKF,2300.0,725080.0,1667684000.0,4.55,2837.2,44.34,58.08,2026-08-25,,,,0.0,
ZERGY,9.66,41501336.0,400902905.76,4.55,2835.0,44.3,58.0,2026-08-25,,,,0.0,
TARKM,524.0,333961.0,174995564.0,4.38,2832.8,44.26,57.92,2026-08-25,,,,0.0,
TUCLK,4.11,53759181.0,220950233.91000003,4.31,2830.6,44.23,57.84,2026-08-25,,,,0.0,
TSPOR,1.22,1341892363.0,1637108682.86,4.27,2828.4,44.19,57.76,2026-08-25,,,,0.0,
ODINE,1930.0,2793400.0,5391262000.0,3.99,2826.2,44.16,57.68,2026-08-25,,,,0.0,
EGGUB,110.8,1287395.0,142643366.0,3.94,2824.0,44.12,57.6,2026-08-25,,,,0.0,
OZSUB,43.62,2464325.0,107493856.5,3.86,2821.8,44.08,57.52,2026-08-25,,,,0.0,
CWENE,36.86,66397672.0,2447418189.92,3.71,2819.6,44.05,57.44,2026-08-25,,,,0.0,
ENERY,9.19,54376677.0,499721661.63,3.49,2817.4,44.01,57.36,2026-08-25,,,,0.0,
DMRGD,11.66,16111601.0,187861267.66,3.46,2815.2,43.98,57.28,2026-08-25,,,,0.0,
BOBET,20.68,6603608.0,136562613.44,3.4,2813.0,43.94,57.2,2026-08-25,,,,0.0,
BAHKM,132.1,1901849.0,251234252.9,3.28,2810.8,43.9,57.12,2026-08-25,,,,0.0,
FZLGY,10.17,19310439.0,196387164.63,3.25,2808.6,43.87,57.04,2026-08-25,,,,0.0,
ONCSM,263.25,1108692.0,291863169.0,3.24,2806.4,43.83,56.96,2026-08-25,,,,0.0,
PLTUR,23.28,16558868.0,385490447.04,3.19,2804.2,43.8,56.88,2026-08-25,,,,0.0,
ANELE,153.6,817988.0,125642956.8,3.16,2802.0,43.76,56.8,2026-08-25,,,,0.0,
CRFSA,274.0,3116551.0,853934974.0,3.1,2799.8,43.72,56.72,2026-08-25,,,,0.0,
TAVHL,284.5,5186780.0,1475638910.0,3.08,2797.6,43.69,56.64,2026-08-25,,,,0.0,
FRIGO,2.38,47038926.0,111952643.88,3.03,2795.4,43.65,56.56,2026-08-25,,,,0.0,
PASEU,226.6,10357456.0,2346999529.6,3.0,2793.2,43.62,56.48,2026-08-25,,,,0.0,
IHAAS,63.2,1519068.0,96005097.6,2.93,2791.0,43.58,56.4,2026-08-25,,,,0.0,
DAGI,10.81,13129647.0,141931484.07,2.85,2788.8,43.54,56.32,2026-08-25,,,,0.0,
CGCAM,38.34,4429173.0,169814492.82000002,2.79,2786.6,43.51,56.24,2026-08-25,,,,0.0,
BIGEN,157.2,2271907.0,357143780.4,2.75,2784.4,43.47,56.16,2026-08-25,,,,0.0,
AKFIS,18.25,19030122.0,347299726.5,2.7,2782.2,43.44,56.08,2026-08-25,,,,0.0,
KRDMB,134.0,2330080.0,312230720.0,2.68,2780.0,43.4,56.0,2026-08-25,,,,0.0,
OYAKC,22.88,39605905.0,906183106.4,2.6,2777.8,43.36,55.92,2026-08-25,,,,0.0,
OBAMS,5.54,110954814.0,614689669.5600001,2.59,2775.6,43.33,55.84,2026-08-25,,,,0.0,
ARDYZ,93.2,5447495.0,507706534.0,2.47,2773.4,43.29,55.76,2026-08-25,,,,0.0,
YIGIT,21.66,7619017.0,165027908.22,2.46,2771.2,43.26,55.68,2026-08-25,,,,0.0,
VBTYZ,39.6,5138623.0,203489470.8,2.33,2769.0,43.22,55.6,2026-08-25,,,,0.0,
MEYSU,12.46,19509990.0,243094475.4,2.3,2766.8,43.18,55.52,2026-08-25,,,,0.0,
UCAYM,25.86,9722802.0,251431659.72,2.29,2764.6,43.15,55.44,2026-08-25,,,,0.0,
DOFRB,134.0,5282699.0,707881666.0,2.29,2762.4,43.11,55.36,2026-08-25,,,,0.0,
GUNDG,2105.0,69010.0,145266050.0,2.23,2760.2,43.08,55.28,2026-08-25,,,,0.0,
EUPWR,95.15,21598259.0,2055074343.85,2.09,2758.0,43.04,55.2,2026-08-25,,,,0.0,
GIPTA,95.8,21654754.0,2074525433.2,2.02,2755.8,43.0,55.12,2026-08-25,,,,0.0,
ALARK,106.1,9407523.0,998138190.3,2.02,2753.6,42.97,55.04,2026-08-25,,,,0.0,
ISKPL,8.48,39058253.0,331213985.44,1.92,2751.4,42.93,54.96,2026-08-25,,,,0.0,
SVGYO,17.62,57896169.0,1020130497.78,1.91,2749.2,42.9,54.88,2026-08-25,,,,0.0,
HLGYO,4.5,28787027.0,129541621.5,1.58,2747.0,42.86,54.8,2026-08-25,,,,0.0,
MRGYO,1.39,70455748.0,97933489.72,1.46,2744.8,42.82,54.72,2026-08-25,,,,0.0,
SELEC,296.5,7116270.0,2109974055.0,1.37,2742.6,42.79,54.64,2026-08-25,,,,0.0,
ASELS,405.0,37095911.0,15023843955.0,1.31,2740.4,42.75,54.56,2026-08-25,,,,0.0,
PSDTC,160.0,658405.0,105344800.0,1.2,2738.2,42.72,54.48,2026-08-25,,,,0.0,
PATEK,22.3,37193837.0,829422565.1,1.18,2736.0,42.68,54.4,2026-08-25,,,,0.0,
AYDEM,27.94,5243373.0,146499841.62,1.16,2733.8,42.64,54.32,2026-08-25,,,,0.0,
GESAN,89.6,13583654.0,1217095398.4,1.07,2731.6,42.61,54.24,2026-08-25,,,,0.0,
ATATR,15.19,18165709.0,275937119.71,1.0,2729.4,42.57,54.16,2026-08-25,,,,0.0,
MOGAN,20.86,18970909.0,395733161.74,0.97,2727.2,42.54,54.08,2026-08-25,,,,0.0,
ENKAI,83.75,15737679.0,1318030616.25,0.96,2725.0,42.5,54.0,2026-08-25,,,,0.0,
GSRAY,1.13,259779958.0,293551352.54,0.89,2722.8,42.46,53.92,2026-08-25,,,,0.0,
VAKFA,11.58,11071809.0,128211548.22,0.87,2720.6,42.43,53.84,2026-08-25,,,,0.0,
BIMAS,415.75,7922059.0,3293596029.25,0.85,2718.4,42.39,53.76,2026-08-25,,,,0.0,
BINHO,11.09,22997096.0,255037794.64,0.82,2716.2,42.36,53.68,2026-08-25,,,,0.0,
AKFGY,2.74,39743045.0,108895943.3,0.74,2714.0,42.32,53.6,2026-08-25,,,,0.0,
MAVI,38.48,4769828.0,183542981.44,0.73,2711.8,42.28,53.52,2026-08-25,,,,0.0,
A1YEN,2.84,40526201.0,115094410.84,0.71,2709.6,42.25,53.44,2026-08-25,,,,0.0,
IEYHO,191.2,493431.0,94344007.2,0.68,2707.4,42.21,53.36,2026-08-25,,,,0.0,
GARAN,132.5,41063839.0,5440958667.5,0.68,2705.2,42.18,53.28,2026-08-25,,,,0.0,
GRTHO,223.2,526732.0,117566582.4,0.63,2703.0,42.14,53.2,2026-08-25,,,,0.0,
INFO,6.71,132138814.0,886651441.9399999,0.6,2700.8,42.1,53.12,2026-08-25,,,,0.0,
QUAGR,3.41,32355664.0,110332814.24,0.59,2698.6,42.07,53.04,2026-08-25,,,,0.0,
CEMZY,17.1,52121955.0,891285430.5000001,0.59,2696.4,42.03,52.96,2026-08-25,,,,0.0,
OTKAR,332.25,664278.0,220706365.5,0.53,2694.2,42.0,52.88,2026-08-25,,,,0.0,
ARMGD,195.9,739290.0,144826911.0,0.51,2692.0,41.96,52.8,2026-08-25,,,,0.0,
THYAO,302.0,62124535.0,18761609570.0,0.5,2689.8,41.92,52.72,2026-08-25,,,,0.0,
SURGY,33.44,10011333.0,334778975.52,0.48,2687.6,41.89,52.64,2026-08-25,,,,0.0,
CATES,64.15,2063440.0,132369676.0,0.47,2685.4,41.85,52.56,2026-08-25,,,,0.0,
RGYAS,209.3,2435209.0,509689243.7000001,0.43,2683.2,41.82,52.48,2026-08-25,,,,0.0,
HALKB,34.68,36652899.0,1271122537.32,0.41,2681.0,41.78,52.4,2026-08-25,,,,0.0,
YKBNK,36.66,166565054.0,6106274879.639999,0.38,2678.8,41.74,52.32,2026-08-25,,,,0.0,
MIATK,29.86,9129596.0,272609736.56,0.34,2676.6,41.71,52.24,2026-08-25,,,,0.0,
FENER,3.14,97247803.0,305358101.42,0.32,2674.4,41.67,52.16,2026-08-25,,,,0.0,
VAKBN,31.48,37270924.0,1173288687.52,0.32,2672.2,41.64,52.08,2026-08-25,,,,0.0,
ZGYO,31.7,7361488.0,233359169.6,0.32,2670.0,41.6,52.0,2026-08-25,,,,0.0,
PEKGY,15.17,103008191.0,1562634257.47,0.26,2667.8,41.56,51.92,2026-08-25,,,,0.0,
GZNMI,57.3,1651518.0,94631981.4,0.26,2665.6,41.53,51.84,2026-08-25,,,,0.0,
EREGL,38.28,138285458.0,5293567332.24,0.26,2663.4,41.49,51.76,2026-08-25,,,,0.0,
ALKLC,423.0,661265.0,279715095.0,0.24,2661.2,41.46,51.68,2026-08-25,,,,0.0,
TATEN,9.22,28882702.0,266298512.44000003,0.22,2659.0,41.42,51.6,2026-08-25,,,,0.0,
PGSUS,149.9,7903269.0,1184700023.1,0.2,2656.8,41.38,51.52,2026-08-25,,,,0.0,
BESTE,33.78,13469013.0,454983259.14,0.12,2654.6,41.35,51.44,2026-08-25,,,,0.0,
TKFEN,217.4,6497531.0,1412563239.4,0.09,2652.4,41.31,51.36,2026-08-25,,,,0.0,
AKSEN,81.45,5687895.0,462624352.65,0.06,2650.2,41.28,51.28,2026-08-25,,,,0.0,
TERA,180.0,20909650.0,3763737000.0,0.06,2648.0,41.24,51.2,2026-08-25,,,,0.0,
PAHOL,1.32,86145153.0,113711601.96,0.0,2640.3,41.11,50.92,2026-08-25,,,,0.0,
YEOTK,34.44,17676126.0,608765779.4399999,0.0,2640.3,41.11,50.92,2026-08-25,,,,0.0,
ALBRK,8.94,11628891.0,103962285.54,0.0,2640.3,41.11,50.92,2026-08-25,,,,0.0,
FONET,5.37,19076475.0,102440670.75,0.0,2640.3,41.11,50.92,2026-08-25,,,,0.0,
GLRMK,177.0,3655767.0,647070759.0,0.0,2640.3,41.11,50.92,2026-08-25,,,,0.0,
KGYO,12.92,17809549.0,230099373.08,0.0,2640.3,41.11,50.92,2026-08-25,,,,0.0,
CIMSA,45.94,11318332.0,519964172.08,-0.09,2632.6,40.99,50.64,2026-08-25,,,,0.0,
GEREL,38.96,4330894.0,168731630.24,-0.1,2630.4,40.95,50.56,2026-08-25,,,,0.0,
AVHOL,36.06,3212987.0,115860311.22,-0.11,2628.2,40.92,50.48,2026-08-25,,,,0.0,
NTHOL,44.04,2251529.0,99157337.16,-0.14,2626.0,40.88,50.4,2026-08-25,,,,0.0,
SISE,39.66,65281482.0,2589063576.12,-0.2,2623.8,40.84,50.32,2026-08-25,,,,0.0,
AKBNK,71.9,144186741.0,10367026677.900002,-0.28,2621.6,40.81,50.24,2026-08-25,,,,0.0,
ESEN,3.56,28677916.0,102093380.96,-0.28,2619.4,40.77,50.16,2026-08-25,,,,0.0,
MANAS,33.32,20885460.0,695903527.2,-0.3,2617.2,40.74,50.08,2026-08-25,,,,0.0,
NETCD,127.2,1958485.0,249119292.0,-0.31,2615.0,40.7,50.0,2026-08-25,,,,0.0,
DAPGM,8.57,51599564.0,442208263.48,-0.35,2612.8,40.66,49.92,2026-08-25,,,,0.0,
KCAER,16.24,7854792.0,127561822.07999998,-0.37,2610.6,40.63,49.84,2026-08-25,,,,0.0,
CVKMD,16.09,42938055.0,690873304.95,-0.37,2608.4,40.59,49.76,2026-08-25,,,,0.0,
TTKOM,53.2,19432449.0,1033806286.8,-0.37,2606.2,40.56,49.68,2026-08-25,,,,0.0,
TCELL,102.7,29125276.0,2991165845.2000003,-0.39,2604.0,40.52,49.6,2026-08-25,,,,0.0,
SASA,2.32,1433680836.0,3326139539.52,-0.43,2601.8,40.48,49.52,2026-08-25,,,,0.0,
ASTOR,339.75,24754281.0,8410266969.75,-0.44,2599.6,40.45,49.44,2026-08-25,,,,0.0,
RALYH,265.25,3043153.0,807196333.25,-0.47,2597.4,40.41,49.36,2026-08-25,,,,0.0,
ARCLK,92.35,1220121.0,112678174.35,-0.54,2595.2,40.38,49.28,2026-08-25,,,,0.0,
TCKRC,170.1,1479930.0,251736093.0,-0.58,2593.0,40.34,49.2,2026-08-25,,,,0.0,
GENIL,11.83,48305365.0,571452467.95,-0.59,2590.8,40.3,49.12,2026-08-25,,,,0.0,
SARAE,87.55,37631334.0,3294623291.7,-0.62,2588.6,40.27,49.04,2026-08-25,,,,0.0,
AEFES,18.82,47087478.0,886186335.96,-0.63,2586.4,40.23,48.96,2026-08-25,,,,0.0,
ECILC,77.8,4345270.0,338062006.0,-0.64,2584.2,40.2,48.88,2026-08-25,,,,0.0,
KCHOL,217.4,30830545.0,6702560483.0,-0.64,2582.0,40.16,48.8,2026-08-25,,,,0.0,
TURSG,6.14,59890100.0,367725214.0,-0.65,2579.8,40.12,48.72,2026-08-25,,,,0.0,
KRDMD,44.88,67834076.0,3044393330.88,-0.71,2577.6,40.09,48.64,2026-08-25,,,,0.0,
TRGYO,96.6,999766.0,96577395.6,-0.72,2575.4,40.05,48.56,2026-08-25,,,,0.0,
GOKNR,17.89,11968523.0,214116876.47,-0.72,2573.2,40.02,48.48,2026-08-25,,,,0.0,
ISMEN,32.26,5064243.0,163372479.17999998,-0.74,2571.0,39.98,48.4,2026-08-25,,,,0.0,
ALTNY,18.66,20795456.0,388043208.96,-0.74,2568.8,39.94,48.32,2026-08-25,,,,0.0,
HDFGS,2.52,37695594.0,94992896.88,-0.79,2566.6,39.91,48.24,2026-08-25,,,,0.0,
DUNYH,159.5,595230.0,94939185.0,-0.81,2564.4,39.87,48.16,2026-08-25,,,,0.0,
CANTE,1.22,116778104.0,142469286.88,-0.81,2562.2,39.84,48.08,2026-08-25,,,,0.0,
TRHOL,2577.5,172017.0,443373817.5,-0.87,2560.0,39.8,48.0,2026-08-25,,,,0.0,
ISCTR,12.48,512605171.0,6397312534.08,-0.87,2557.8,39.76,47.92,2026-08-25,,,,0.0,
SAYAS,62.05,4619023.0,286610377.15,-0.88,2555.6,39.73,47.84,2026-08-25,,,,0.0,
SMRTG,10.13,16033411.0,162418453.43,-0.88,2553.4,39.69,47.76,2026-08-25,,,,0.0,
TNZTP,28.8,5187308.0,149394470.4,-0.89,2551.2,39.66,47.68,2026-08-25,,,,0.0,
HRKET,98.7,968966.0,95636944.2,-0.9,2549.0,39.62,47.6,2026-08-25,,,,0.0,
BIENY,21.88,4608739.0,100839209.32,-0.91,2545.7,39.57,47.48,2026-08-25,,,,0.0,
VESTL,21.88,5255796.0,114996816.48,-0.91,2545.7,39.57,47.48,2026-08-25,,,,0.0,
KARSN,9.26,14348755.0,132869471.3,-0.96,2542.4,39.51,47.36,2026-08-25,,,,0.0,
MEKAG,3.05,32536313.0,99235754.65,-0.97,2540.2,39.48,47.28,2026-08-25,,,,0.0,
SAHOL,93.3,28349764.0,2645032981.2,-1.01,2538.0,39.44,47.2,2026-08-25,,,,0.0,
ALTIN,79.39,24793621.0,1968365571.19,-1.01,2535.8,39.4,47.12,2026-08-25,,,,0.0,
DOAS,166.3,673226.0,111957483.8,-1.01,2533.6,39.37,47.04,2026-08-25,,,,0.0,
SSAAT,37.66,3346814.0,126041015.24,-1.05,2531.4,39.33,46.96,2026-08-25,,,,0.0,
EMPAE,70.05,9844653.0,689617942.65,-1.06,2529.2,39.3,46.88,2026-08-25,,,,0.0,
ULKER,90.75,7503261.0,680920935.75,-1.09,2527.0,39.26,46.8,2026-08-25,,,,0.0,
KTLEV,57.95,90344558.0,5235467136.1,-1.11,2524.8,39.22,46.72,2026-08-25,,,,0.0,
ORZAX,103.0,4985136.0,513469008.0,-1.15,2522.6,39.19,46.64,2026-08-25,,,,0.0,
SARKY,25.6,6826975.0,174770560.0,-1.16,2520.4,39.15,46.56,2026-08-25,,,,0.0,
TOASO,274.0,2283982.0,625811068.0,-1.17,2518.2,39.12,46.48,2026-08-25,,,,0.0,
BALSU,10.66,31210624.0,332705251.84000003,-1.2,2516.0,39.08,46.4,2026-08-25,,,,0.0,
GSDDE,14.34,8250165.0,118307366.1,-1.24,2513.8,39.04,46.32,2026-08-25,,,,0.0,
HOROZ,63.35,1729271.0,109549317.85,-1.25,2511.6,39.01,46.24,2026-08-25,,,,0.0,
SKBNK,6.17,70164406.0,432914385.02,-1.28,2509.4,38.97,46.16,2026-08-25,,,,0.0,
IZENR,8.28,14732387.0,121984164.35999998,-1.31,2507.2,38.94,46.08,2026-08-25,,,,0.0,
HKTM,13.93,21286126.0,296515735.18,-1.35,2505.0,38.9,46.0,2026-08-25,,,,0.0,
TABGD,251.5,594290.0,149463935.0,-1.37,2502.8,38.86,45.92,2026-08-25,,,,0.0,
KATMR,2.09,54658699.0,114236680.91,-1.42,2500.6,38.83,45.84,2026-08-25,,,,0.0,
MGROS,557.0,2358379.0,1313617103.0,-1.42,2498.4,38.79,45.76,2026-08-25,,,,0.0,
ALBTN,34.7,45348461.0,1573591596.7,-1.42,2496.2,38.76,45.68,2026-08-25,,,,0.0,
MPARK,438.75,401445.0,176133993.75,-1.46,2494.0,38.72,45.6,2026-08-25,,,,0.0,
TUKAS,2.0,50769738.0,101539476.0,-1.48,2491.8,38.68,45.52,2026-08-25,,,,0.0,
BTCIM,4.63,48369830.0,223952312.9,-1.49,2489.6,38.65,45.44,2026-08-25,,,,0.0,
TSKB,10.98,23046339.0,253048802.22,-1.52,2487.4,38.61,45.36,2026-08-25,,,,0.0,
PAPIL,13.26,22555718.0,299088820.68,-1.56,2485.2,38.58,45.28,2026-08-25,,,,0.0,
ECOGR,36.1,4937771.0,178253533.1,-1.58,2483.0,38.54,45.2,2026-08-25,,,,0.0,
SOKM,57.9,4687952.0,271432420.8,-1.61,2480.8,38.5,45.12,2026-08-25,,,,0.0,
ALVES,1.78,62460359.0,111179439.02,-1.66,2478.6,38.47,45.04,2026-08-25,,,,0.0,
ODAS,6.99,22127531.0,154671441.69,-1.69,2476.4,38.43,44.96,2026-08-25,,,,0.0,
HEKTS,2.85,395691393.0,1127720470.05,-1.72,2474.2,38.4,44.88,2026-08-25,,,,0.0,
MASFN,43.02,9539482.0,410388515.6400001,-1.74,2472.0,38.36,44.8,2026-08-25,,,,0.0,
QUICK,69.9,5722733.0,400019036.7000001,-1.76,2469.8,38.32,44.72,2026-08-25,,,,0.0,
ENJSA,108.6,2108248.0,228955732.8,-1.81,2467.6,38.29,44.64,2026-08-25,,,,0.0,
BSOKE,32.8,3703508.0,121475062.4,-1.86,2465.4,38.25,44.56,2026-08-25,,,,0.0,
FROTO,78.6,20168839.0,1585270745.4,-1.87,2463.2,38.22,44.48,2026-08-25,,,,0.0,
EKDMR,47.16,6695263.0,315748603.08,-1.95,2461.0,38.18,44.4,2026-08-25,,,,0.0,
ANSGR,27.76,4235423.0,117575342.48,-1.98,2458.8,38.14,44.32,2026-08-25,,,,0.0,
KUYAS,63.6,3189373.0,202844122.8,-2.15,2456.6,38.11,44.24,2026-08-25,,,,0.0,
BETAE,98.75,9249947.0,913432266.25,-2.23,2454.4,38.07,44.16,2026-08-25,,,,0.0,
PRZMA,77.35,4058465.0,313922267.75,-2.27,2452.2,38.04,44.08,2026-08-25,,,,0.0,
AKSA,11.01,16749804.0,184415342.04,-2.31,2450.0,38.0,44.0,2026-08-25,,,,0.0,
RYSAS,23.52,13062494.0,307229858.88,-2.33,2447.8,37.96,43.92,2026-08-25,,,,0.0,
DENGE,2.45,71860919.0,176059251.55,-2.39,2445.6,37.93,43.84,2026-08-25,,,,0.0,
SOHOE,10.82,17962430.0,194353492.6,-2.43,2443.4,37.89,43.76,2026-08-25,,,,0.0,
GUBRF,480.25,3381954.0,1624183408.5,-2.44,2441.2,37.86,43.68,2026-08-25,,,,0.0,
KLRHO,67.15,4516940.0,303312521.0,-2.47,2439.0,37.82,43.6,2026-08-25,,,,0.0,
EGEGY,31.42,5369908.0,168722509.36,-2.66,2436.8,37.78,43.52,2026-08-25,,,,0.0,
EFOR,19.27,108560812.0,2091966847.24,-2.68,2434.6,37.75,43.44,2026-08-25,,,,0.0,
PSGYO,3.4,117699983.0,400179942.2,-2.86,2432.4,37.71,43.36,2026-08-25,,,,0.0,
DOHOL,21.04,13248986.0,278758665.44,-2.86,2430.2,37.68,43.28,2026-08-25,,,,0.0,
MCARD,157.0,2183538.0,342815466.0,-2.91,2428.0,37.64,43.2,2026-08-25,,,,0.0,
EKGYO,20.08,197439856.0,3964592308.48,-3.09,2425.8,37.6,43.12,2026-08-25,,,,0.0,
ESCOM,5.59,22434457.0,125408614.63,-3.12,2423.6,37.57,43.04,2026-08-25,,,,0.0,
EKIM,18.84,12297772.0,231690024.48,-3.24,2421.4,37.53,42.96,2026-08-25,,,,0.0,
CCOLA,77.25,8422809.0,650661995.25,-3.26,2419.2,37.5,42.88,2026-08-25,,,,0.0,
HUNER,3.85,54953014.0,211569103.9,-3.27,2417.0,37.46,42.8,2026-08-25,,,,0.0,
FRMPL,34.02,4332903.0,147405360.06,-3.35,2414.8,37.42,42.72,2026-08-25,,,,0.0,
ALFAS,41.28,2919894.0,120533224.32,-3.37,2412.6,37.39,42.64,2026-08-25,,,,0.0,
ORGE,23.08,5873115.0,135551494.2,-3.43,2410.4,37.35,42.56,2026-08-25,,,,0.0,
TUREX,6.68,20614075.0,137702021.0,-3.47,2408.2,37.32,42.48,2026-08-25,,,,0.0,
AGROT,2.22,157673607.0,350035407.54,-3.48,2406.0,37.28,42.4,2026-08-25,,,,0.0,
BRYAT,1728.0,80181.0,138552768.0,-3.57,2403.8,37.24,42.32,2026-08-25,,,,0.0,
LXGYO,10.95,9818406.0,107511545.7,-3.61,2401.6,37.21,42.24,2026-08-25,,,,0.0,
SDTTR,260.5,1230828.0,320630694.0,-3.87,2399.4,37.17,42.16,2026-08-25,,,,0.0,
GOLDA,12.91,37772965.0,487648978.15,-3.94,2397.2,37.14,42.08,2026-08-25,,,,0.0,
AYGAZ,319.25,1441559.0,460217710.75,-4.06,2395.0,37.1,42.0,2026-08-25,,,,0.0,
BRSAN,721.5,4242529.0,3060984673.5,-4.18,2392.8,37.06,41.92,2026-08-25,,,,0.0,
OZATD,4272.5,109092.0,466095570.0,-4.26,2390.6,37.03,41.84,2026-08-25,,,,0.0,
ENDAE,19.7,12335318.0,243005764.6,-4.37,2388.4,36.99,41.76,2026-08-25,,,,0.0,
TRENJ,104.6,1969644.0,206024762.4,-4.47,2386.2,36.96,41.68,2026-08-25,,,,0.0,
OFSYM,64.4,4213371.0,271341092.40000004,-4.52,2384.0,36.92,41.6,2026-08-25,,,,0.0,
CITAS,113.1,53433545.0,6043333939.5,-4.56,2381.8,36.88,41.52,2026-08-25,,,,0.0,
METEN,23.04,59104827.0,1361775214.08,-4.79,2379.6,36.85,41.44,2026-08-25,,,,0.0,
MAGEN,33.12,11930176.0,395127429.12,-4.94,2377.4,36.81,41.36,2026-08-25,,,,0.0,
BLUME,41.44,5666752.0,234830202.88,-4.95,2375.2,36.78,41.28,2026-08-25,,,,0.0,
TRALT,53.6,126708501.0,6791575653.6,-4.96,2373.0,36.74,41.2,2026-08-25,,,,0.0,
KLYPV,64.1,4191827.0,268696110.7,-5.04,2370.8,36.7,41.12,2026-08-25,,,,0.0,
PETKM,19.75,69089794.0,1364523431.5,-5.05,2368.6,36.67,41.04,2026-08-25,,,,0.0,
FORTE,122.0,3470786.0,423435892.0,-5.06,2366.4,36.63,40.96,2026-08-25,,,,0.0,
TRMET,139.2,6253247.0,870451982.4,-5.31,2364.2,36.6,40.88,2026-08-25,,,,0.0,
TUPRS,375.25,43366640.0,16273331660.0,-6.3,2362.0,36.56,40.8,2026-08-25,,,,0.0,
VEYAS,139.1,14456139.0,2010848934.9,-6.89,2359.8,36.52,40.72,2026-08-25,,,,0.0,
BJKAS,2.55,580480656.0,1480225672.8,-6.93,2357.6,36.49,40.64,2026-08-25,,,,0.0,
MEGMT,47.46,13488724.0,640174841.04,-8.99,2355.4,36.45,40.56,2026-08-25,,,,0.0,
HEDEF,114.9,3561311.0,409194633.9,-9.95,2353.2,36.42,40.48,2026-08-25,,,,0.0,
NETAS,96.6,3887210.0,375504486.0,-9.97,2351.0,36.38,40.4,2026-08-25,,,,0.0,
LIDER,33.58,37641611.0,1264005297.38,-9.97,2348.8,36.34,40.32,2026-08-25,,,,0.0,
TMPOL,508.5,1387645.0,705617482.5,-10.0,2346.6,36.31,40.24,2026-08-25,,,,0.0,
TKNKA,137.2,3880796.0,532445211.1999999,9.94,2350.0,18.0,49.65,2026-08-26,137.2,137.2,65.21,-15.56,1.0
BRLSM,22.0,44625036.0,981750792.0,4.86,12395.37,16.29,41.48,2026-08-26,23.06,21.06,59.66,-18.18,9.036294040710084
TGSAS,244.2,2500932.0,610727594.4,10.0,6546.09,46.5,35.6,2026-08-26,244.2,220.7,15.93,19.67,4.3568703058062574
ENKAI,87.75,35516469.0,3116570154.75,4.53,3290.58,30.37,30.55,2026-08-26,89.25,83.95,28.87,1.68,1.7524612921292588
PGSUS,153.3,18135551.0,2780179968.3,2.13,3631.47,11.01,30.28,2026-08-26,156.6,151.3,41.06,-10.78,2.0251748328276418
MNDRS,12.35,8682697.0,107231307.95,6.65,3815.48,35.7,29.63,2026-08-26,12.53,11.58,29.63,0.0,2.172383372618388
EGPRO,39.4,2504375.0,98672375.0,5.46,3761.35,35.19,29.13,2026-08-26,39.9,37.38,29.13,0.0,2.1290777763854374
SARKY,26.68,12754978.0,340302813.04,4.3,3371.98,22.16,28.86,2026-08-26,27.5,25.58,22.05,6.81,1.8175838883386253
HEDEF,103.5,19983658.0,2068308603.0,-9.92,4295.73,10.5,28.52,2026-08-26,115.9,103.5,25.42,3.1,2.556585442601462
ENJSA,115.0,10198230.0,1172796450.0,6.38,4477.15,37.34,28.48,2026-08-26,115.9,110.3,46.91,-18.43,2.7017230686102707
GARAN,133.3,65495707.0,8730577743.1,0.53,3547.48,7.79,27.59,2026-08-26,137.3,133.1,39.71,-12.12,1.9579853670611391
ATATR,15.74,48976367.0,770888016.58,3.55,2932.1,33.97,27.59,2026-08-26,15.94,15.03,16.42,11.17,1.4656761791288624
VAKBN,32.1,92520058.0,2969893861.8,1.9,4376.95,5.83,27.26,2026-08-26,33.22,32.0,48.72,-21.46,2.621560244232696
EKDMR,48.8,12454706.0,607789652.8,3.13,3187.0,30.41,26.97,2026-08-26,49.5,47.02,21.29,5.68,1.6695987998123087
BIGTK,379.5,1862246.0,706722357.0,-0.2,4880.43,24.09,26.92,2026-08-26,391.0,361.75,15.14,11.78,3.0243471634818855
ATATP,307.0,5198980.0,1596086860.0,-8.36,4705.28,10.5,26.9,2026-08-26,368.5,307.0,50.04,-23.14,2.8842247003312873
ISCTR,12.91,1155774232.0,14921045335.12,3.45,3672.97,14.69,26.81,2026-08-26,13.39,12.53,45.31,-18.5,2.058375718421289
DSTKF,2425.0,1010996.0,2451665300.0,3.19,2851.94,29.8,26.36,2026-08-26,2454.0,2355.0,21.0,5.36,1.401548197021026
TAVHL,284.25,7306873.0,2076978650.25,-0.35,4327.48,6.0,26.35,2026-08-26,293.0,283.5,38.04,-11.69,2.5819850145444576
GIPTA,101.1,24630588.0,2490152446.7999997,9.95,6137.57,46.5,26.25,2026-08-26,101.1,87.1,27.9,-1.65,4.030052841190601
BIENY,21.98,9911923.0,217864067.54,0.55,3873.1,23.18,25.74,2026-08-26,22.16,21.72,7.27,18.47,2.21847690931894
BIMAS,418.25,10861972.0,4543019789.0,0.18,2298.05,18.77,25.29,2026-08-26,422.75,413.5,20.75,4.54,0.9584386251585141
HLGYO,4.55,54891622.0,249756880.1,1.34,4360.47,8.5,25.07,2026-08-26,4.67,4.49,21.35,3.72,2.6083752153913013
KCHOL,214.2,38046607.0,8149583219.4,-1.52,2685.09,10.5,24.91,2026-08-26,220.2,214.2,20.9,4.01,1.268074256851799
AKBNK,73.15,206790108.0,15126696400.2,1.6,2875.32,6.95,24.67,2026-08-26,74.85,72.4,22.07,2.6,1.420258981943812
BSOKE,31.0,16611626.0,514960406.0,-5.72,5216.47,10.5,24.21,2026-08-26,33.2,31.0,36.48,-12.27,3.2931739582580186
ARCLK,93.35,2385325.0,222670088.75,1.14,3073.16,18.0,24.21,2026-08-26,94.35,92.35,23.12,1.09,1.5785246398939483
LIDER,31.94,49156927.0,1570072248.38,-4.88,2980.97,15.49,23.47,2026-08-26,33.42,30.7,22.06,1.41,1.504776721928812
FRIGO,2.55,100032630.0,255083206.49999997,5.81,5046.99,46.5,23.1,2026-08-26,2.55,2.41,36.65,-13.55,3.157591587311312
MAVI,38.42,5479540.0,210523926.8,-0.52,2902.78,2.65,22.85,2026-08-26,39.02,38.24,17.76,5.09,1.4422278331700293
YKBNK,37.08,280854549.0,10414086676.92,1.15,2886.52,1.09,22.78,2026-08-26,38.02,36.84,21.94,0.84,1.4292148596285912
SELEC,300.0,8605203.0,2581560900.0,0.93,2775.5,38.58,22.73,2026-08-26,302.5,284.5,19.19,3.54,1.340403320258803
ISMEN,33.38,10297285.0,343723373.3,3.41,3161.24,39.26,22.72,2026-08-26,33.54,32.28,30.99,-8.27,1.6489943942788428
NETAS,91.7,6353873.0,582650154.1,-5.07,4196.63,14.23,22.66,2026-08-26,97.9,86.95,21.62,1.04,2.477301669400954
ISKPL,8.59,77329235.0,664258128.65,1.54,2654.39,17.52,22.6,2026-08-26,8.89,8.3,22.71,-0.11,1.243512132775076
EREGL,38.7,244589914.0,9465629671.800001,1.2,2685.47,13.16,22.46,2026-08-26,39.32,38.26,21.75,0.71,1.268376030732137
AKFIS,19.15,35275854.0,675532604.0999999,4.76,2995.93,36.7,22.2,2026-08-26,19.37,18.09,19.93,2.27,1.5167468567332998
AEFES,18.9,63637210.0,1202743269.0,0.27,2216.33,2.37,22.1,2026-08-26,19.14,18.83,19.84,2.26,0.893066584803693
THYAO,308.5,67622650.0,20861587525.0,1.98,3118.86,17.08,22.01,2026-08-26,312.5,304.75,22.83,-0.82,1.6150911200037974
TMPOL,465.25,2255211.0,1049236917.75,-8.51,2762.06,10.5,21.72,2026-08-26,526.5,465.25,18.63,3.09,1.3296496149801114
ZGYO,30.02,20104489.0,603536759.78,-5.66,3954.1,10.5,21.63,2026-08-26,32.86,30.02,32.56,-10.93,2.283280974967245
KARSN,9.27,18067059.0,167481636.93,0.32,2605.94,6.12,21.48,2026-08-26,9.39,9.26,22.89,-1.41,1.2047508491425476
YAPRK,11.58,14565984.0,168674094.72,5.56,6794.32,24.0,21.42,2026-08-26,12.03,10.89,21.42,0.0,4.5554521513276205
MIATK,29.88,13445626.0,401755304.88,0.0,2083.19,4.98,21.35,2026-08-26,30.44,29.82,16.63,4.72,0.7865487829328283
KOCMT,5.4,81456415.0,439864641.0,5.47,2589.34,26.81,21.02,2026-08-26,5.59,5.04,19.11,1.91,1.191475925442937
ASTOR,338.75,36037574.0,12207728192.5,-0.07,2486.75,10.5,20.99,2026-08-26,350.0,338.75,20.91,0.08,1.1093976577074836
HATSN,77.75,19611824.0,1524819316.0,2.03,4405.85,13.63,20.84,2026-08-26,81.7,74.85,23.09,-2.25,2.644677367772092
GRTHO,226.2,750582.0,169781648.4,1.34,2637.76,18.0,20.67,2026-08-26,230.3,222.1,14.37,6.3,1.2302106060923927
FENER,3.21,199410375.0,640107303.75,1.9,2730.09,25.12,20.62,2026-08-26,3.24,3.16,19.61,1.01,1.304072852256167
IEYHO,192.1,1115156.0,214221467.6,0.84,2335.36,30.54,20.43,2026-08-26,192.8,190.3,9.03,11.4,0.9882886015838056
IHAAS,57.15,3048948.0,174247378.2,-10.0,3898.82,10.5,20.28,2026-08-26,66.35,57.15,3.0,17.28,2.239057256365631
SOHOE,10.96,28432121.0,311616046.16,1.48,2760.65,6.6,20.09,2026-08-26,11.45,10.75,23.08,-2.99,1.3285209635599304
GESAN,92.2,16670673.0,1537036050.6000001,3.36,2791.21,21.45,19.39,2026-08-26,94.2,89.65,20.14,-0.75,1.352966352306087
KLRHO,66.35,5992303.0,397589304.04999995,-1.26,2712.93,4.24,19.19,2026-08-26,68.5,65.6,15.63,3.56,1.2903428428213428
TSGYO,6.3,19417476.0,122330098.8,9.95,8417.21,46.5,19.13,2026-08-26,6.3,5.74,39.16,-20.03,5.853768918391593
ARSAN,4.29,73377530.0,314789603.7,0.47,3741.76,32.74,18.96,2026-08-26,4.36,4.07,16.24,2.72,2.1134045125320395
TNZTP,29.88,6439149.0,192401772.12,3.68,3216.52,44.98,18.6,2026-08-26,29.92,28.42,18.6,0.0,1.6932144665906204
ULKER,92.2,10067577.0,928230599.4,1.6,2378.73,27.14,18.21,2026-08-26,93.1,90.45,20.69,-2.48,1.0229809087159079
KRDMA,58.6,22282619.0,1305761473.4,-1.76,3597.82,10.5,17.87,2026-08-26,64.5,58.6,21.54,-3.67,1.9982527029109962
IZFAS,58.9,5641710.0,332296719.0,9.99,2099.12,46.5,17.72,2026-08-26,58.9,54.55,42.6,-24.88,0.7992924269142535
TCELL,103.5,35602536.0,3684862476.0,0.78,2722.9,6.85,17.25,2026-08-26,105.1,102.8,20.81,-3.56,1.2983160381207302
SMRVA,12.0,30671492.0,368057904.0,5.17,3823.32,29.06,17.21,2026-08-26,12.26,11.41,39.6,-22.39,2.1786596876991005
BRKVY,86.7,1418769.0,123007272.3,7.37,4827.33,31.5,16.98,2026-08-26,88.7,81.1,38.63,-21.65,2.981867545693684
BVSAN,106.7,1247784.0,133138552.8,3.39,3762.21,17.59,16.57,2026-08-26,110.2,103.3,16.57,0.0,2.12976872135601
MAKTK,10.17,11809831.0,120105981.27,0.2,7514.04,9.17,16.36,2026-08-26,11.01,10.15,38.54,-22.18,5.1312297104971245
BURCE,36.62,6097859.0,223303596.57999998,0.38,6134.88,10.5,16.32,2026-08-26,40.1,36.62,38.47,-22.15,4.027901492082
ODAS,7.11,37733001.0,268281637.11,1.57,2331.86,34.29,16.06,2026-08-26,7.14,7.0,20.15,-4.09,0.9854883507695492
ADEL,36.78,14529004.0,534376767.12,-1.66,3763.06,17.3,15.99,2026-08-26,38.04,35.58,20.6,-4.61,2.1304513930954605
DOFRB,133.1,5741949.0,764253411.9,-0.6,2910.32,7.97,15.81,2026-08-26,137.4,132.9,19.63,-3.82,1.4482560894639769
AKFGY,2.66,43377325.0,115383684.5,-3.27,3930.31,10.5,15.73,2026-08-26,2.77,2.66,4.69,11.04,2.2642462417432556
KRDMD,45.6,64779747.0,2953956463.2000003,1.56,2260.81,22.42,15.67,2026-08-26,46.2,44.78,21.47,-5.8,0.9286473035875519
PAHOL,1.33,178577800.0,237508474.0,0.76,2618.23,27.5,15.59,2026-08-26,1.34,1.31,22.24,-6.65,1.2145808476786726
EKGYO,20.6,186246457.0,3836677014.2000003,2.79,2770.99,16.76,15.5,2026-08-26,21.08,20.16,21.39,-5.89,1.3367918402689274
GLRMK,180.3,7461560.0,1345319268.0,1.86,3000.45,10.71,15.44,2026-08-26,185.7,177.1,20.08,-4.64,1.5203569915809392
PNLSN,43.92,2597085.0,114063973.2,1.2,4002.63,7.43,15.37,2026-08-26,46.38,43.78,37.23,-21.86,2.322103791155193
SKBNK,6.26,146219906.0,915336611.56,1.29,2450.6,12.3,15.33,2026-08-26,6.38,6.18,24.45,-9.12,1.0804809076562127
DGNMO,8.63,16194635.0,139759700.05,2.13,4725.49,15.89,15.27,2026-08-26,8.92,8.38,15.27,0.0,2.900393894725782
FROTO,79.55,21924183.0,1744068757.6499999,1.21,2496.17,10.71,15.26,2026-08-26,80.9,78.75,21.17,-5.91,1.1169397357913438
RALYH,263.5,2670099.0,703571086.5,-0.47,2634.26,7.04,15.23,2026-08-26,268.0,261.5,22.29,-7.06,1.2274054300793258
HRKET,101.9,1262432.0,128641820.80000001,3.82,1538.7,27.67,15.15,2026-08-26,103.7,98.25,15.15,0.0,0.3509583792650238
DCTTR,7.03,13966788.0,98186519.64,3.08,2332.8,18.63,15.14,2026-08-26,7.25,6.8,41.33,-26.19,0.9862370497225873
CIMSA,46.62,11440361.0,533349629.82,1.61,2706.54,6.97,15.13,2026-08-26,47.48,46.24,20.62,-5.49,1.285229598685567
ENSRI,5.59,20084059.0,112269889.81,9.82,2787.06,46.5,15.06,2026-08-26,5.59,5.1,39.7,-24.64,1.3496517832692203
ISDMR,54.2,1862230.0,100932866.0,1.12,2457.9,22.75,15.05,2026-08-26,54.7,53.5,37.03,-21.98,1.0863232749616551
KPEKS,137.5,77428042.0,10646355775.0,10.0,2350.0,46.5,14.93,2026-08-26,137.5,112.5,33.94,-19.01,1.0
METRO,8.9,11021202.0,98088697.8,2.65,3058.26,25.12,14.86,2026-08-26,9.08,8.6,41.07,-26.21,1.5666076499996873
IHLAS,1.07,171250958.0,183238525.06,0.94,2404.17,8.5,14.54,2026-08-26,1.09,1.06,39.11,-24.57,1.043338741426853
KORDS,88.9,2777723.0,246939574.70000002,1.14,1999.19,17.71,14.5,2026-08-26,91.4,86.45,16.42,-1.92,0.7193546626081833
GENKM,10.38,9637589.0,100038173.82000001,0.78,2023.82,15.63,14.48,2026-08-26,10.51,10.27,39.13,-24.65,0.7390599414599381
MPARK,437.25,474463.0,207458946.75,-0.62,2048.27,5.79,14.29,2026-08-26,441.0,435.75,14.28,0.01,0.7586145036019811
TARKM,555.5,356547.0,198061858.5,6.32,3639.67,37.09,14.12,2026-08-26,564.5,510.0,21.4,-7.28,2.031735340525811
SISE,40.24,59644615.0,2400099307.6,1.36,2102.9,11.16,14.0,2026-08-26,40.86,39.86,21.21,-7.21,0.8023191055314098
ANSGR,27.62,4609480.0,127313837.60000001,-0.36,2676.05,5.32,13.85,2026-08-26,28.22,27.56,22.1,-8.25,1.2608437615644355
TSKB,11.19,20183032.0,225848128.07999998,2.1,2735.89,24.05,13.75,2026-08-26,11.32,10.99,20.72,-6.97,1.3087099648810705
DOHOL,21.86,13871429.0,303229437.94,4.0,2488.81,32.25,13.64,2026-08-26,22.12,21.08,21.03,-7.39,1.1110514481968845
KCAER,16.26,15754114.0,256161893.64000002,0.18,2228.61,8.5,12.99,2026-08-26,16.54,16.12,14.89,-1.9,0.9028899122560572
NIBAS,4.53,45673453.0,206900742.09,9.95,5015.08,46.5,12.91,2026-08-26,4.53,4.23,34.95,-22.04,3.1320643902108807
GLYHO,16.82,5927701.0,99703930.82000001,0.72,3704.29,11.67,12.11,2026-08-26,17.15,16.61,12.11,0.0,2.0834316581318335
TABGD,247.0,609263.0,150487961.0,-1.3,2459.88,7.05,12.06,2026-08-26,254.75,246.5,6.12,5.94,1.0879018432601253
ECZYT,325.0,334344.0,108661800.0,0.46,2282.95,8.5,11.8,2026-08-26,328.0,323.5,12.01,-0.21,0.946360882029265
MAGEN,33.3,13343785.0,444348040.49999994,0.91,2322.36,41.27,11.71,2026-08-26,33.48,31.52,21.55,-9.84,0.9778852781674815
ALTIN,77.8,23928773.0,1861658539.3999999,-1.77,2632.24,1.44,11.66,2026-08-26,79.46,77.36,19.36,-7.7,1.225788161756436
CANTE,1.21,136052653.0,164623710.13,0.0,2129.02,18.0,11.64,2026-08-26,1.22,1.2,22.88,-11.24,0.8232144302288853
YIGIT,22.4,6679998.0,149631955.2,3.7,4381.13,29.58,11.16,2026-08-26,22.78,21.5,15.71,-4.55,2.6249019492732044
PEKGY,16.2,127204565.0,2060713953.0,6.79,2200.27,29.61,11.1,2026-08-26,16.68,15.06,19.2,-8.1,0.8802157456477445
ZERGY,10.56,29587027.0,312439005.12,10.0,4247.95,46.5,11.08,2026-08-26,10.56,9.5,23.69,-12.61,2.51836055702983
BJKAS,2.69,1034141610.0,2781840930.9,4.67,3868.1,36.77,11.01,2026-08-26,2.76,2.35,22.73,-11.72,2.2144789864838104
BAHKM,144.6,1666287.0,240945100.2,9.96,4232.88,46.5,10.94,2026-08-26,144.6,129.7,24.81,-13.87,2.5063007716753165
QUAGR,3.4,36347254.0,123580663.6,0.0,2156.97,0.44,10.78,2026-08-26,3.54,3.37,9.49,1.29,0.8455799622301725
TUPRS,380.0,34726936.0,13196235680.0,1.67,2513.26,36.85,10.67,2026-08-26,382.75,366.5,21.24,-10.57,1.1306103749742134
EKIM,19.58,22545225.0,441435505.49999994,4.04,2236.41,23.2,10.0,2026-08-26,20.14,18.77,18.56,-8.56,0.9091304273400636
TTKOM,53.85,32494098.0,1749807177.3,1.03,2329.3,18.0,9.79,2026-08-26,54.45,53.25,20.61,-10.82,0.9834434552226113
FONET,5.31,21077793.0,111923080.83,-1.48,2090.25,3.79,9.73,2026-08-26,5.46,5.29,10.56,-0.83,0.7922028359553968
SOKM,57.15,5141735.0,293850155.25,-1.64,2120.35,10.5,8.48,2026-08-26,59.15,57.15,18.25,-9.77,0.8162813888237063
SAYAS,63.35,4092118.0,259235675.3,2.34,2672.37,16.03,8.43,2026-08-26,64.9,62.0,15.23,-6.8,1.257894350495821
ENERY,9.51,34158342.0,324845832.42,3.26,2426.05,29.82,8.38,2026-08-26,9.63,9.22,18.44,-10.06,1.0608367050669796
UCAYM,25.82,6757046.0,174466927.72,-0.08,2363.17,10.5,8.34,2026-08-26,26.44,25.82,11.36,-3.02,1.0105388902354506
SNICA,3.6,29445732.0,106004635.2,2.27,3172.67,37.0,8.26,2026-08-26,3.64,3.4,2.4,5.86,1.6581396839133302
SAHOL,93.95,40350781.0,3790955874.9500003,0.48,2264.77,5.41,8.15,2026-08-26,96.5,93.7,20.23,-12.08,0.9318140195441977
PLTUR,21.16,12000452.0,253929564.32,-9.73,4748.84,10.5,8.05,2026-08-26,23.76,21.16,19.26,-11.21,2.919073463573756
OYAKC,23.12,28564005.0,660399795.6,1.14,2380.01,38.06,7.92,2026-08-26,23.2,22.66,18.7,-10.78,1.0240046266474
EUPWR,99.5,16656316.0,1657303442.0,4.41,2304.75,46.5,7.86,2026-08-26,99.5,95.7,20.79,-12.93,0.9637981462606295
TURSG,6.24,76773747.0,479068181.28000003,1.63,2662.14,16.5,7.65,2026-08-26,6.34,6.15,20.9,-13.25,1.2497117334744385
GSDDE,14.5,9544308.0,138392466.0,1.47,2809.78,1.0,7.62,2026-08-26,15.25,14.35,9.85,-2.23,1.3678203251139764
LMKDC,24.62,4344026.0,106949920.12,1.65,2304.5,22.32,7.5,2026-08-26,24.9,24.24,21.53,-14.03,0.9635984882152987
IZENR,8.36,21104447.0,176433176.92,-0.12,1816.93,0.59,7.29,2026-08-26,8.55,8.32,19.96,-12.67,0.5735473571207313
TCKRC,169.0,1994721.0,337107849.0,-0.29,1839.23,0.14,7.28,2026-08-26,172.6,168.2,15.68,-8.4,0.5913843088571431
GEREL,38.92,6045542.0,235292494.64000002,0.1,2116.2,8.81,7.18,2026-08-26,39.74,38.5,21.54,-14.36,0.8129615193715584
PETKM,20.22,67229390.0,1359378265.8,2.48,2253.68,43.46,7.13,2026-08-26,20.26,19.51,21.02,-13.89,0.9229438157968093
KARTN,167.5,583454.0,97728545.0,2.45,2238.02,38.94,6.89,2026-08-26,168.8,159.0,12.73,-5.84,0.9104128388473479
PASEU,242.0,10558051.0,2555048342.0,4.31,2001.42,46.5,6.79,2026-08-26,242.0,225.6,19.23,-12.44,0.7211342120045112
DOAS,166.8,763663.0,127378988.4,0.48,1863.53,1.0,6.26,2026-08-26,168.3,166.5,17.93,-11.67,0.610824312033486
AHGAZ,36.16,7253874.0,262300083.83999997,2.79,2993.13,30.61,6.25,2026-08-26,36.5,35.28,20.97,-14.72,1.51450372333449
ISVEA,84.2,4616557.0,388714099.40000004,9.99,1448.33,18.0,6.1,2026-08-26,84.2,84.2,17.61,-11.51,0.2786626583682537
HKTM,13.4,28357784.0,379994305.6,-3.6,2932.63,8.75,6.07,2026-08-26,14.66,13.36,18.87,-12.8,1.4661036230267002
DEVA,91.3,1229149.0,112221303.7,3.28,2229.35,36.03,6.0,2026-08-26,92.2,87.3,22.57,-16.57,0.9034767879082672
OBAMS,5.4,70656931.0,381547427.40000004,-2.7,2699.9,10.5,5.99,2026-08-26,5.73,5.4,18.35,-12.36,1.2799211385068778
CITAS,117.6,35412753.0,4164539752.7999997,5.0,2350.0,23.49,5.88,2026-08-26,122.0,111.1,21.02,-15.14,1.0
PSGYO,3.34,141439891.0,472409235.94,-1.76,2568.77,2.65,5.66,2026-08-26,3.44,3.31,16.88,-11.22,1.1750188933197938
YEOTK,35.4,17148675.0,607063095.0,3.21,2143.97,20.06,5.66,2026-08-26,36.3,34.36,21.46,-15.8,0.8351745200095466
MEYSU,12.32,15471319.0,190606650.08,-1.6,2390.94,8.07,5.42,2026-08-26,12.77,12.3,15.01,-9.59,1.032755483475769
KRGYO,3.21,45931884.0,147441347.64,5.25,3392.67,38.36,5.41,2026-08-26,3.25,2.97,16.85,-11.44,1.8341339141241728
MGROS,558.5,2721588.0,1520006898.0,0.54,1810.65,8.5,5.17,2026-08-26,565.5,555.0,19.6,-14.43,0.5685212791584645
KBORU,23.4,25259961.0,591083087.4,-3.31,3623.91,7.86,5.16,2026-08-26,24.2,23.02,21.09,-15.93,2.0191300800424044
MANAS,33.1,22571644.0,747121416.4,-0.96,2478.2,10.5,5.07,2026-08-26,34.0,33.1,18.74,-13.67,1.1025593085345455
SMRTG,10.31,16517040.0,170290682.4,2.08,2240.82,35.72,5.03,2026-08-26,10.38,10.01,21.02,-15.99,0.9126555500807898
BIOEN,19.94,5938069.0,118405095.86000001,-0.6,2121.56,19.36,4.97,2026-08-26,20.34,19.5,11.9,-6.93,0.8172441803235899
FORTE,125.0,2685767.0,335720875.0,2.8,2019.74,20.51,4.89,2026-08-26,128.1,121.3,20.8,-15.91,0.7357934343998315
TSPOR,1.21,647030082.0,782906399.22,0.0,2854.46,13.93,4.59,2026-08-26,1.25,1.18,21.36,-16.77,1.4035695864929116
MEGMT,45.66,14755355.0,673729509.3,-2.73,2862.06,5.36,4.36,2026-08-26,47.58,44.92,20.5,-16.14,1.4096456054693967
BLUME,41.88,3437111.0,143946208.68,2.15,2626.51,32.02,4.27,2026-08-26,42.52,40.0,13.69,-9.42,1.2212078545893617
TUKAS,2.03,48661774.0,98783401.21999998,1.5,2240.17,23.7,4.1,2026-08-26,2.05,2.0,18.39,-14.29,0.9121339746924702
ONCSM,263.25,963185.0,253558451.25,0.38,2716.85,7.86,4.09,2026-08-26,273.25,258.5,18.42,-14.33,1.293481086841848
ALBRK,9.05,18388241.0,166413581.05,1.46,2793.99,8.5,4.01,2026-08-26,9.25,8.95,18.31,-14.3,1.3551943380917288
MERCN,18.32,5329313.0,97633014.16,-3.07,2683.22,10.5,3.94,2026-08-26,19.2,18.32,3.94,0.0,1.266579205188729
AKSA,11.1,17906798.0,198765457.79999998,0.91,2053.41,20.85,3.94,2026-08-26,11.19,10.99,20.81,-16.87,0.7627300872480287
NETCD,127.8,2174825.0,277942635.0,0.55,1752.37,2.65,3.69,2026-08-26,129.8,127.2,17.05,-13.36,0.5218965205898745
TERA,180.7,15701086.0,2837186240.2,0.67,2346.97,34.5,3.6,2026-08-26,181.1,179.2,20.29,-16.69,0.9975722296218893
GMTAS,45.54,3551681.0,161743552.74,-2.36,2383.95,0.24,3.58,2026-08-26,47.18,45.18,16.67,-13.09,1.0271635708245463
ODINE,1931.0,625462.0,1207767122.0,-1.98,2280.98,10.5,3.56,2026-08-26,2095.0,1931.0,21.07,-17.51,0.9447822420296998
VAKFA,11.42,9103858.0,103966058.36,-1.13,2687.33,5.33,3.44,2026-08-26,11.68,11.32,8.04,-4.6,1.2698642563121494
BINHO,10.95,26457028.0,289704456.59999996,-1.08,2308.21,6.57,3.35,2026-08-26,11.22,10.93,17.77,-14.42,0.9665641458975394
VEYAS,138.0,11152959.0,1539108342.0,-1.5,2350.0,2.9,3.3,2026-08-26,145.8,136.8,21.69,-18.39,1.0
ALARK,108.5,6198892.0,672579782.0,2.46,2167.82,27.0,3.26,2026-08-26,109.8,106.0,21.54,-18.28,0.8542527382522616
HEKTS,2.84,303711853.0,862541662.52,-0.35,2403.99,8.5,3.22,2026-08-26,2.88,2.82,20.49,-17.27,1.043192162169576
GSRAY,1.15,261908853.0,301195180.95,2.68,2009.43,46.5,3.21,2026-08-26,1.15,1.12,19.81,-16.6,0.7275424176684702
INVES,857.0,106365.0,91154805.0,0.65,2526.37,22.98,3.18,2026-08-26,870.0,838.5,11.57,-8.39,1.1410925264956824
GWIND,23.26,3961370.0,92141466.2,0.43,2389.48,0.9,3.16,2026-08-26,23.66,23.16,3.16,0.0,1.031581626031198
DAGI,10.89,9576617.0,104289359.13000001,1.3,2392.8,11.01,3.14,2026-08-26,11.22,10.69,8.75,-5.61,1.034243724523564
ALKLC,423.0,1457413.0,616485699.0,0.18,2172.42,8.5,3.12,2026-08-26,425.5,421.75,18.57,-15.45,0.8579374458863757
ECOGR,36.6,5106640.0,186903024.0,1.44,2203.76,38.83,3.1,2026-08-26,36.74,35.7,18.86,-15.76,0.8830057039411545
ARMGD,199.1,900528.0,179295124.79999998,1.22,2010.66,16.42,3.06,2026-08-26,202.9,195.7,19.64,-16.58,0.7285284151225662
METEN,22.78,54510019.0,1241738232.8200002,-2.23,2027.0,0.68,3.04,2026-08-26,23.6,22.58,20.48,-17.44,0.7415980463666773
RGYAS,213.0,1966584.0,418882392.0,1.67,2071.74,30.35,3.02,2026-08-26,214.7,208.7,19.5,-16.48,0.7773926711269008
CVKMD,15.91,33880366.0,539036623.0600001,-1.06,2104.4,2.73,3.02,2026-08-26,16.29,15.85,18.56,-15.54,0.8035210176249435
RYSAS,23.68,8428677.0,199591071.35999998,0.0,2192.43,9.33,3.0,2026-08-26,24.28,23.36,17.67,-14.67,0.8739401617851832
TKFEN,219.5,5812606.0,1275867017.0,0.69,1932.29,7.84,2.95,2026-08-26,225.4,216.7,20.21,-17.26,0.6658296553001165
SDTTR,260.0,919917.0,239178420.0,-0.38,1959.97,17.27,2.94,2026-08-26,265.0,255.25,16.88,-13.94,0.6879778044318443
ECILC,77.75,5201101.0,404385602.75,-0.13,2179.83,2.12,2.93,2026-08-26,79.2,77.5,18.86,-15.93,0.8638601594849844
HALKB,38.12,27717060.0,1056574327.1999999,9.98,2086.91,46.5,2.9,2026-08-26,38.12,36.26,21.8,-18.9,0.7895261944409921
VESTL,22.08,4965462.0,109637400.96,0.82,1984.83,15.15,2.9,2026-08-26,22.3,21.9,15.76,-12.86,0.7078662064895241
GENIL,12.19,44734307.0,545311202.3299999,2.87,1940.77,23.22,2.89,2026-08-26,12.48,11.77,20.08,-17.19,0.6726169254832994
ESEN,3.6,26165817.0,94196941.2,1.69,1926.98,25.12,2.88,2026-08-26,3.63,3.55,21.66,-18.78,0.6615802405884244
DMRGD,12.0,17617196.0,211406352.0,3.0,1978.6,30.95,2.88,2026-08-26,12.15,11.6,20.38,-17.5,0.7028803550517702
ASELS,398.25,29702710.0,11829104257.5,-1.36,2067.38,3.36,2.88,2026-08-26,405.25,396.0,20.48,-17.6,0.7739072558915508
KARCL,119.3,6463142.0,771052840.6,9.95,1969.14,46.5,2.87,2026-08-26,119.3,104.1,21.53,-18.66,0.6953102745053269
IZMDC,13.97,8185663.0,114353712.11,1.82,2168.99,42.9,2.79,2026-08-26,14.03,13.08,17.68,-14.89,0.8551905448931995
EGGUB,111.9,926524.0,103678035.60000001,0.81,2220.54,7.19,2.78,2026-08-26,113.9,111.0,12.35,-9.57,0.8964348938572144
KUYAS,63.0,2723758.0,171596754.0,0.48,1967.58,8.06,2.75,2026-08-26,64.45,62.3,17.59,-14.84,0.6940626986943851
ANELE,165.0,1292053.0,213188745.0,7.14,1473.46,46.5,2.7,2026-08-26,165.0,152.4,18.54,-15.84,0.2987686312002622
VBTYZ,38.7,3433090.0,132860583.00000001,-2.27,2176.04,2.36,2.69,2026-08-26,39.9,38.5,10.37,-7.68,0.860829335291683
TRGYO,97.95,1466609.0,143654351.55,1.5,2132.3,46.5,2.66,2026-08-26,97.95,96.3,20.11,-17.45,0.8258418089619898
TRALT,54.45,109279522.0,5950269972.900001,1.78,2237.93,18.7,2.64,2026-08-26,55.45,53.4,20.19,-17.55,0.9103406670119571
PRZMA,77.2,3691517.0,284985112.40000004,-0.39,1750.54,13.3,2.59,2026-08-26,79.85,75.3,19.63,-17.04,0.5204338386426813
PATEK,21.24,14312958.0,304007227.91999996,-3.89,2020.94,7.44,2.58,2026-08-26,23.0,21.14,18.26,-15.68,0.7367488967599435
EFOR,18.2,65756191.0,1196762676.2,-5.45,2036.89,10.5,2.57,2026-08-26,19.26,18.2,18.39,-15.82,0.7495091331268384
SARAE,88.5,33397432.0,2955672732.0,1.61,2249.72,10.5,2.57,2026-08-26,94.0,88.5,20.27,-17.7,0.9197772795714527
TOASO,275.25,3018133.0,830741108.25,0.09,2183.2,6.6,2.57,2026-08-26,280.5,273.0,19.26,-16.69,0.8665637363708846
BTCIM,4.62,49392671.0,228194140.02,-0.22,1802.15,1.73,2.54,2026-08-26,4.73,4.6,19.42,-16.88,0.5617192503323397
TRMET,142.2,6558731.0,932651548.1999999,2.38,2191.79,40.34,2.53,2026-08-26,142.6,138.9,19.53,-17.0,0.8734301350416417
OTKAR,335.0,469380.0,157242300.0,0.75,1823.17,16.22,2.52,2026-08-26,339.25,331.25,21.19,-18.67,0.5785385350937892
QUICK,69.45,4519011.0,313845313.95,-0.36,1712.4,6.39,2.52,2026-08-26,70.4,69.05,18.79,-16.27,0.489917513442777
TRENJ,110.5,2106931.0,232815875.5,5.74,2047.48,43.74,2.51,2026-08-26,110.8,104.6,18.61,-16.1,0.7579801609913431
TKNSA,19.67,8090740.0,159144855.8,-2.24,1742.46,4.35,2.48,2026-08-26,20.58,19.56,17.48,-15.0,0.5139678311610649
AGROT,2.2,80279384.0,176614644.8,0.0,1645.46,1.0,2.43,2026-08-26,2.25,2.19,19.22,-16.79,0.43636458377441323
MCARD,156.9,1679006.0,263436041.4,-0.06,1715.74,14.95,2.42,2026-08-26,160.0,154.4,16.3,-13.88,0.49258860695618295
ORZAX,99.5,4346592.0,432485904.0,-3.49,1754.6,7.85,2.39,2026-08-26,103.6,99.3,17.92,-15.53,0.5236810826216078
BRSAN,706.0,2041184.0,1441075904.0,-2.22,1809.85,0.9,2.39,2026-08-26,724.0,701.5,19.71,-17.32,0.5678836941040402
SASA,2.34,1743048089.0,4078732528.2599998,1.3,1919.33,12.3,2.35,2026-08-26,2.37,2.32,19.62,-17.27,0.6554648398066713
GUBRF,484.5,3203333.0,1552014838.5,0.83,2001.03,24.0,2.34,2026-08-26,488.25,478.75,19.57,-17.23,0.7208236129958976
ARDYZ,89.2,5009744.0,446869164.8,-4.14,2038.25,3.57,2.34,2026-08-26,93.9,88.55,16.96,-14.62,0.7506003948839279
GOLDA,13.02,30881419.0,402076075.38,0.93,1949.15,12.41,2.32,2026-08-26,13.66,12.59,16.63,-14.31,0.6793165971097573
EMPAE,70.15,5729214.0,401904362.1,0.21,1634.03,16.18,2.29,2026-08-26,71.4,69.05,19.31,-17.02,0.4272219793135793
AGHOL,30.92,3328460.0,102915983.2,0.39,1843.28,0.06,2.24,2026-08-26,31.36,30.82,2.24,0.0,0.5946210595318869
CCOLA,78.95,5419421.0,427863287.95,2.27,1891.17,36.52,2.23,2026-08-26,79.3,77.3,19.96,-17.73,0.6329342684647675
AKFYE,23.2,5634148.0,130712233.6,-1.78,2048.71,10.5,2.2,2026-08-26,23.86,23.2,12.44,-10.24,0.758967087207446
MOGAN,20.62,7377801.0,152130256.62,-0.48,1669.42,3.75,2.2,2026-08-26,20.98,20.5,16.27,-14.07,0.4555324156793424
ORGE,23.6,4056998.0,95745152.80000001,0.85,1649.12,43.74,2.2,2026-08-26,23.66,22.42,17.46,-15.26,0.4392964120380217
SURGY,33.44,4288657.0,143412690.07999998,-0.18,1576.1,7.31,2.19,2026-08-26,33.88,33.24,16.42,-14.23,0.3808785420618612
BESTE,33.2,5554379.0,184405382.8,-1.83,1591.36,10.5,2.17,2026-08-26,34.2,33.2,16.05,-13.88,0.3930845505319411
SVGYO,17.3,14372356.0,248641758.8,2.25,1481.46,6.6,2.16,2026-08-26,18.0,17.0,19.41,-17.25,0.3051680543605925
ALTNY,17.92,26193690.0,469390924.8000001,-3.66,2015.08,4.09,2.15,2026-08-26,18.63,17.83,17.71,-15.56,0.7320625913377251
ESCOM,5.57,16957673.0,94454238.61,0.0,1822.25,10.5,2.13,2026-08-26,5.66,5.57,15.5,-13.37,0.5778033401493274
AYGAZ,320.5,883434.0,283140597.0,0.47,1854.69,34.29,2.13,2026-08-26,322.75,312.25,18.49,-16.36,0.6037521127777022
KTLEV,64.0,63076860.0,4036919040.0,3.23,1776.68,46.5,2.13,2026-08-26,64.0,60.6,19.5,-17.37,0.5413468845257158
MASFN,42.36,8349969.0,353704686.84,-1.63,1551.81,7.55,2.13,2026-08-26,43.46,42.3,18.29,-16.16,0.3614509291531039
TATEN,8.92,28761811.0,256555354.12,-2.62,1699.45,10.5,2.12,2026-08-26,9.3,8.92,17.0,-14.88,0.4795634954435391
ALBTN,33.28,18340503.0,610371939.84,-3.54,2024.03,3.56,2.12,2026-08-26,35.3,33.0,19.25,-17.13,0.7392213867310506
KLYPV,61.9,2374999.0,147012438.1,-2.98,2036.25,10.5,2.11,2026-08-26,64.55,61.9,15.37,-13.26,0.7490030686116744
SSAAT,37.5,4473308.0,167749050.0,-0.27,1809.3,6.57,2.1,2026-08-26,38.04,37.46,12.0,-9.9,0.567439952166317
CATES,63.2,2664239.0,168379904.8,-1.56,1940.55,10.5,2.03,2026-08-26,65.25,63.2,16.18,-14.15,0.6724434914192651
MARMR,2.48,50875084.0,126170208.32,0.0,1886.01,1.0,2.01,2026-08-26,2.53,2.47,12.0,-9.99,0.6288040752952871
KRDMB,132.6,1142593.0,151507831.79999998,-0.75,1731.47,13.25,1.95,2026-08-26,134.0,131.6,16.8,-14.85,0.5051726798323574
CRFSA,271.5,2050552.0,556724868.0,-0.55,1824.09,2.55,1.94,2026-08-26,280.75,270.0,18.27,-16.33,0.5792692900256736
BRYAT,1711.0,54928.0,93981808.0,-0.75,1877.88,4.17,1.94,2026-08-26,1735.0,1708.0,12.3,-10.36,0.62230429782871
BIGEN,165.0,1569377.0,258947205.0,3.19,1420.84,33.35,1.91,2026-08-26,168.0,155.0,17.37,-15.46,0.2566727217500659
BALSU,10.51,32725958.0,343949818.58,-1.41,1509.51,5.75,1.86,2026-08-26,10.73,10.49,17.07,-15.21,0.3276115504520628
FZLGY,10.07,13980804.0,140786696.28,-0.4,1753.95,10.5,1.85,2026-08-26,10.33,10.07,14.69,-12.84,0.5231574371372867
INFO,6.65,28502043.0,189538585.95000002,-0.15,1801.88,7.79,1.82,2026-08-26,6.85,6.64,15.7,-13.88,0.5615039283397405
CWENE,36.0,30816921.0,1109409156.0,-2.7,1417.85,2.61,1.76,2026-08-26,37.12,35.82,19.16,-17.4,0.25427679554423605
AKSEN,81.85,6289407.0,514787962.95,0.68,1522.84,2.45,1.73,2026-08-26,83.55,81.35,19.25,-17.52,0.3382755024089396
OZATD,4512.5,219799.0,991842987.5,0.28,1470.38,16.06,1.71,2026-08-26,4650.0,4392.5,19.06,-17.35,0.29630062005028773
DAPGM,8.45,45753017.0,386612993.65,-1.17,1738.84,4.5,1.71,2026-08-26,8.62,8.43,17.71,-16.0,0.5110709021703976
ENDAE,19.3,4762683.0,91919781.9,-1.78,1694.49,9.6,1.62,2026-08-26,19.92,19.29,13.09,-11.47,0.4755944112549164
ALVES,1.78,52380042.0,93236474.76,-0.56,1590.18,10.5,1.54,2026-08-26,1.81,1.78,1.54,0.0,0.39214359195589504
TRHOL,2690.0,151267.0,406908230.0,1.89,1559.67,46.5,1.48,2026-08-26,2690.0,2560.0,17.23,-15.75,0.3677357559432815
CEMZY,17.0,40341233.0,685800961.0,-0.58,1573.77,41.27,1.45,2026-08-26,17.1,16.01,18.17,-16.72,0.37901752960841373
KGYO,12.92,13157665.0,169997031.8,0.39,1545.17,19.61,1.44,2026-08-26,13.17,12.64,13.59,-12.15,0.3561348055715105
BETAE,96.9,8740214.0,846926736.6,-1.82,1582.15,5.65,1.33,2026-08-26,101.2,96.5,18.49,-17.16,0.3857192710673869
GUNDG,1944.0,168950.0,328438800.0,-10.0,1681.61,10.5,1.23,2026-08-26,2201.0,1944.0,17.49,-16.26,0.46529061454163295
